,id,og_id,web_name,team,element_type,starts,minutes,now_cost,bonus,xg_value,xa_value,xgc_value,chance_of_playing_next_round,gw1_pp,gw2_pp,gw3_pp,gw4_pp,gw5_pp,gw6_pp,gw7_pp,pp_1,pp_2,pp_3,pp_4,pp_5,pp_6,pp_7
424,435,328,M.Salah,12,3,9.0,89.56,137,1.22,0.84,0.48,1.15,100.0,14.72,8.32,7.99,7.46,9.53,7.77,7.39,14.72,23.04,31.03,38.49,48.03,55.79,63.18
417,428,321,Gakpo,12,4,9.0,75.22,76,1.0,0.51,0.22,0.7,100.0,9.78,5.34,5.22,4.97,5.88,5.09,4.87,9.78,15.11,20.34,25.31,31.19,36.28,41.15
432,443,336,Szoboszlai,12,3,5.0,62.71,63,0.57,0.37,0.37,0.8,100.0,9.68,5.36,5.13,4.86,6.03,5.05,4.89,9.68,15.03,20.16,25.02,31.05,36.1,40.99
290,297,232,Ndiaye,8,4,9.0,86.33,54,0.78,0.28,0.01,0.93,100.0,9.65,4.33,4.57,4.69,4.86,4.88,4.42,9.65,13.99,18.55,23.24,28.11,32.99,37.41
408,419,311,Alexander-Arnold,12,2,8.0,80.67,73,0.56,0.08,0.45,0.95,100.0,9.24,5.03,4.54,4.38,5.7,4.7,4.9,9.24,14.27,18.8,23.18,28.88,33.59,38.48
292,299,235,Pickford,8,1,9.0,90.0,50,0.44,0.0,0.0,1.02,100.0,9.1,4.45,4.68,4.58,4.77,4.66,4.08,9.1,13.55,18.23,22.81,27.58,32.24,36.31
521,535,401,Isak,15,4,9.0,82.67,95,2.0,1.16,0.2,0.99,100.0,8.27,8.84,8.0,8.38,9.15,8.24,8.83,8.27,17.11,25.11,33.49,42.64,50.88,59.71
127,130,99,Mbeumo,4,3,9.0,90.0,78,0.89,0.56,0.22,1.6,100.0,8.14,7.25,7.89,6.11,6.59,6.1,6.26,8.14,15.39,23.28,29.39,35.99,42.09,48.35
295,302,238,Young,8,2,6.0,65.38,46,0.38,0.07,0.01,0.85,100.0,8.03,3.74,4.05,3.99,4.25,4.14,3.4,8.03,11.77,15.83,19.82,24.07,28.21,31.61
423,434,327,Luis Díaz,12,3,7.0,71.38,75,0.25,0.37,0.03,0.82,100.0,7.61,4.15,3.97,3.79,4.62,3.94,3.86,7.61,11.76,15.73,19.52,24.14,28.07,31.93
289,296,231,Mykolenko,8,2,9.0,90.0,44,0.44,0.01,0.07,1.02,100.0,7.57,3.58,3.86,3.78,4.01,3.9,3.22,7.57,11.14,15.0,18.78,22.79,26.7,29.92
425,436,329,Mac Allister,12,3,8.0,84.38,62,0.25,0.15,0.37,0.82,100.0,7.49,4.08,3.9,3.73,4.53,3.87,3.8,7.49,11.57,15.47,19.2,23.73,27.6,31.4
407,418,310,A.Becker,12,1,8.0,90.0,55,0.12,0.0,0.01,0.98,100.0,7.25,3.74,3.32,3.33,4.04,3.58,3.92,7.25,10.99,14.31,17.63,21.68,25.25,29.17
277,284,219,Branthwaite,8,2,9.0,90.0,48,0.33,0.02,0.01,1.02,100.0,6.81,3.27,3.52,3.42,3.63,3.52,2.9,6.81,10.08,13.59,17.01,20.64,24.16,27.06
226,231,182,Palmer,6,3,9.0,89.22,113,1.44,0.48,0.24,1.53,100.0,6.68,6.1,6.26,7.57,7.08,5.7,7.24,6.68,12.78,19.04,26.61,33.69,39.4,46.63
293,300,236,Tarkowski,8,2,9.0,90.0,48,0.11,0.01,0.03,1.02,100.0,6.57,3.12,3.38,3.29,3.51,3.4,2.76,6.57,9.69,13.08,16.37,19.88,23.28,26.04
280,287,222,Gana,8,3,9.0,86.33,48,0.33,0.01,0.13,0.99,100.0,6.51,3.06,3.2,3.21,3.32,3.3,3.0,6.51,9.57,12.77,15.98,19.31,22.61,25.6
422,433,326,Konaté,12,2,4.0,83.75,52,0.0,0.02,0.2,0.82,100.0,6.51,3.47,3.03,2.98,3.91,3.25,3.54,6.51,9.98,13.01,15.99,19.9,23.15,26.69
477,490,364,Amad,14,3,9.0,88.67,56,1.0,0.45,0.2,1.57,100.0,6.06,7.78,5.88,8.41,5.48,7.56,5.87,6.06,13.84,19.72,28.14,33.62,41.18,47.04
449,461,348,Foden,13,3,8.0,82.88,93,1.25,0.64,0.24,1.19,100.0,6.05,6.44,6.54,7.84,6.35,6.52,7.68,6.05,12.49,19.04,26.87,33.22,39.74,47.42
434,445,339,Virgil,12,2,9.0,90.0,64,0.0,0.04,0.02,1.16,100.0,5.94,3.12,2.7,2.68,3.48,2.94,3.26,5.94,9.06,11.76,14.44,17.92,20.86,24.12
479,492,366,B.Fernandes,14,3,8.0,82.62,84,1.12,0.4,0.16,1.57,100.0,5.83,7.34,5.68,7.9,5.32,7.16,5.66,5.83,13.17,18.84,26.74,32.06,39.22,44.88
431,442,335,Robertson,12,2,8.0,69.22,59,0.0,0.0,0.06,1.06,100.0,5.82,3.05,2.63,2.62,3.39,2.88,3.2,5.82,8.88,11.5,14.13,17.52,20.4,23.6
86,88,71,Kluivert,3,3,7.0,75.38,57,0.75,0.58,0.18,0.7,100.0,5.69,7.32,6.34,5.72,6.87,6.1,7.37,5.69,13.01,19.35,25.07,31.95,38.05,45.42
588,604,455,Bednarek,17,2,8.0,89.0,40,0.25,0.16,0.0,2.43,100.0,5.63,3.8,4.02,4.74,3.96,4.63,3.98,5.63,9.43,13.46,18.2,22.16,26.79,30.77
344,353,268,Delap,10,4,8.0,81.5,56,0.62,0.29,0.12,1.81,100.0,5.48,4.39,5.27,4.46,4.25,4.12,4.15,5.48,9.87,15.14,19.6,23.85,27.98,32.12
556,571,433,Gibbs-White,16,3,9.0,81.56,64,0.89,0.27,0.35,0.94,100.0,5.45,5.49,5.35,4.97,5.79,7.24,5.75,5.45,10.95,16.29,21.26,27.06,34.29,40.04
615,631,623,M.Fernandes,17,3,8.0,85.5,50,0.25,0.1,0.15,1.94,100.0,5.37,3.66,3.8,4.59,3.86,4.38,3.8,5.37,9.04,12.84,17.42,21.29,25.67,29.46
569,584,447,Wood,16,4,9.0,85.22,71,1.44,0.4,0.12,1.1,100.0,5.36,5.39,5.35,5.01,5.72,6.8,5.59,5.36,10.75,16.09,21.11,26.82,33.62,39.22
395,405,306,Vardy,11,4,8.0,84.25,54,0.75,0.39,0.19,1.91,100.0,5.28,4.93,6.28,6.64,7.04,6.05,6.29,5.28,10.21,16.49,23.13,30.17,36.22,42.51
88,90,74,O.Dango,3,3,7.0,72.89,50,0.67,0.47,0.23,0.88,100.0,5.27,6.74,5.86,5.32,6.32,5.65,6.77,5.27,12.01,17.88,23.19,29.51,35.16,41.94
203,208,159,Chalobah,6,2,6.0,90.0,44,1.0,0.24,0.1,1.35,100.0,5.21,4.88,4.94,5.9,5.58,4.55,5.38,5.21,10.08,15.02,20.92,26.5,31.05,36.43
138,141,110,Wissa,4,4,9.0,86.11,63,0.33,0.4,0.1,1.52,100.0,5.15,4.63,4.95,3.98,4.28,4.04,4.12,5.15,9.79,14.73,18.71,23.0,27.03,31.16
419,430,323,Gravenberch,12,3,9.0,80.56,50,0.0,0.01,0.13,0.96,100.0,4.99,2.59,2.47,2.43,2.75,2.51,2.56,4.99,7.58,10.05,12.49,15.24,17.76,20.32
703,722,541,Cunha,20,4,7.0,78.75,68,1.12,0.28,0.15,1.4,100.0,4.98,4.91,4.72,4.85,4.66,6.13,5.36,4.98,9.89,14.61,19.46,24.12,30.25,35.6
275,282,217,A.Doucoure,8,3,9.0,86.78,51,0.0,0.02,0.01,1.02,100.0,4.98,2.4,2.49,2.48,2.55,2.53,2.32,4.98,7.38,9.87,12.35,14.91,17.43,19.75
452,464,351,Haaland,13,4,9.0,86.11,147,1.0,0.64,0.08,1.35,100.0,4.94,5.25,5.34,6.25,5.14,5.26,6.05,4.94,10.19,15.53,21.78,26.92,32.18,38.23
522,536,402,J.Murphy,15,3,9.0,73.67,51,0.44,0.26,0.45,0.73,100.0,4.81,5.0,4.66,4.74,5.25,4.75,5.07,4.81,9.81,14.47,19.21,24.46,29.21,34.28
60,61,54,Rogers,2,3,8.0,84.88,56,0.62,0.17,0.26,1.19,100.0,4.79,5.51,4.88,4.32,4.62,4.32,4.35,4.79,10.3,15.17,19.5,24.11,28.43,32.78
555,570,432,Elanga,16,3,7.0,63.56,53,0.67,0.25,0.22,0.84,100.0,4.74,4.78,4.64,4.35,4.99,6.16,4.98,4.74,9.52,14.16,18.51,23.5,29.65,34.63
679,697,527,L.Paquetá,19,3,7.0,75.12,57,0.5,0.27,0.06,1.7,100.0,4.73,4.44,3.84,4.94,4.1,4.07,4.61,4.73,9.17,13.01,17.94,22.04,26.11,30.71
3,3,4,Havertz,1,4,7.0,82.86,78,0.57,0.46,0.09,0.68,100.0,4.68,5.1,4.82,4.28,4.58,4.99,4.41,4.68,9.78,14.6,18.88,23.46,28.45,32.86
321,329,252,Raúl,9,4,8.0,69.56,56,1.0,0.4,0.01,0.98,100.0,4.67,4.56,4.68,5.16,4.68,5.69,4.36,4.67,9.23,13.91,19.07,23.74,29.43,33.79
518,532,398,Gordon,15,3,8.0,76.89,77,0.33,0.31,0.33,0.79,100.0,4.61,4.78,4.46,4.53,5.02,4.54,4.85,4.61,9.39,13.85,18.38,23.4,27.94,32.8
254,260,207,Mateta,7,4,9.0,83.0,74,0.78,0.42,0.04,1.22,100.0,4.54,4.24,4.39,4.48,5.44,4.36,5.35,4.54,8.78,13.16,17.65,23.09,27.45,32.8
265,271,585,I.Sarr,7,3,9.0,83.78,57,0.33,0.28,0.2,1.27,100.0,4.51,4.24,4.34,4.42,5.53,4.21,5.51,4.51,8.75,13.09,17.51,23.04,27.26,32.77
519,533,399,Hall,15,2,9.0,86.33,51,0.78,0.02,0.31,0.82,100.0,4.49,4.23,4.37,3.99,4.65,4.29,4.51,4.49,8.72,13.09,17.08,21.73,26.02,30.54
464,476,571,Savinho,13,3,5.0,63.57,64,0.86,0.16,0.47,1.04,100.0,4.49,4.7,4.75,5.49,4.67,4.77,5.45,4.49,9.19,13.94,19.43,24.1,28.87,34.33
645,662,503,Son,18,3,8.0,71.56,98,0.33,0.33,0.18,1.77,100.0,4.48,4.4,5.31,4.45,4.11,4.24,4.75,4.48,8.88,14.19,18.64,22.75,26.99,31.74
566,581,443,Sels,16,1,9.0,90.0,50,0.33,0.0,0.0,1.2,100.0,4.42,4.44,4.05,4.17,4.03,4.52,4.45,4.42,8.86,12.91,17.08,21.11,25.64,30.09
282,289,224,Harrison,8,3,5.0,57.83,52,0.0,0.09,0.04,0.72,100.0,4.39,1.93,2.1,2.13,2.27,2.25,1.88,4.39,6.32,8.42,10.56,12.83,15.07,16.95
448,460,347,Ederson M.,13,1,3.0,90.0,53,0.67,0.0,0.17,1.24,100.0,4.35,4.33,4.22,4.52,4.52,4.57,4.95,4.35,8.68,12.9,17.43,21.95,26.52,31.47
493,506,380,Martinez,14,2,8.0,86.75,44,0.5,0.15,0.12,1.55,100.0,4.34,4.99,4.6,5.56,4.04,5.35,4.35,4.34,9.33,13.93,19.5,23.54,28.89,33.24
579,595,14,Ramsdale,17,1,6.0,90.0,44,0.5,0.0,0.0,2.38,75.0,4.26,4.12,4.22,4.13,4.06,4.26,4.17,4.26,8.38,12.6,16.73,20.79,25.05,29.22
362,371,568,Muric,10,1,4.0,90.0,44,0.5,0.0,0.0,2.1,100.0,4.21,4.06,3.99,4.09,4.03,4.07,3.99,4.21,8.27,12.26,16.35,20.39,24.46,28.45
92,94,78,Semenyo,3,3,9.0,87.22,56,0.33,0.29,0.22,0.93,100.0,4.21,5.32,4.67,4.28,4.97,4.51,5.32,4.21,9.53,14.21,18.49,23.45,27.96,33.28
248,254,200,Guéhi,7,2,8.0,90.0,46,0.88,0.07,0.01,1.41,100.0,4.2,4.39,4.15,4.09,4.49,3.79,4.8,4.2,8.59,12.74,16.83,21.32,25.11,29.91
247,253,199,Eze,7,3,8.0,79.12,67,0.38,0.17,0.25,0.92,100.0,4.18,3.97,4.04,4.1,5.01,3.92,5.01,4.18,8.15,12.19,16.29,21.3,25.22,30.22
207,212,163,Cucurella,6,2,8.0,90.0,51,0.12,0.22,0.1,1.66,100.0,4.17,3.87,3.93,4.82,4.53,3.57,4.31,4.17,8.05,11.97,16.8,21.32,24.89,29.2
705,724,543,Doherty,20,2,9.0,86.56,43,0.22,0.16,0.07,1.61,100.0,4.15,3.82,3.78,4.1,4.14,5.35,4.48,4.15,7.97,11.75,15.85,19.99,25.34,29.82
545,560,422,Aina,16,2,9.0,88.67,54,0.56,0.08,0.07,1.05,100.0,4.15,4.19,3.78,3.79,3.9,4.76,4.27,4.15,8.34,12.13,15.92,19.81,24.57,28.85
515,529,394,Bruno G.,15,3,9.0,84.44,61,0.44,0.18,0.3,0.92,100.0,4.14,4.25,4.03,4.05,4.44,4.08,4.32,4.14,8.39,12.42,16.48,20.92,25.0,29.32
99,101,152,Arrizabalaga,3,1,7.0,90.0,45,0.43,0.0,0.0,1.01,100.0,4.14,5.14,4.79,4.67,4.34,4.61,4.78,4.14,9.28,14.07,18.75,23.09,27.7,32.48
328,336,259,Wilson,9,3,7.0,68.67,52,0.33,0.24,0.15,0.87,75.0,4.13,4.1,4.19,4.73,4.23,5.17,3.85,4.13,8.23,12.43,17.16,21.38,26.55,30.41
14,14,18,Saliba,1,2,8.0,90.0,62,0.62,0.14,0.01,0.65,100.0,4.13,5.2,4.67,4.39,4.6,4.33,4.52,4.13,9.33,13.99,18.38,22.98,27.3,31.82
517,531,396,Dúbravka,15,1,8.0,90.0,43,0.25,0.0,0.0,0.86,100.0,4.12,3.75,4.06,3.6,4.1,3.93,4.03,4.12,7.86,11.92,15.52,19.62,23.55,27.59
635,652,492,Kulusevski,18,3,9.0,88.67,64,0.22,0.32,0.12,2.1,100.0,4.12,4.05,4.86,4.1,3.79,3.92,4.36,4.12,8.18,13.04,17.13,20.93,24.84,29.2
573,588,573,Milenković,16,2,9.0,90.0,48,0.11,0.18,0.0,1.2,100.0,4.07,4.11,3.7,3.64,3.88,4.95,4.23,4.07,8.18,11.88,15.52,19.39,24.34,28.58
682,700,530,Souček,19,3,8.0,90.0,49,0.25,0.19,0.09,1.49,100.0,4.05,3.83,3.34,4.24,3.55,3.54,3.97,4.05,7.88,11.23,15.46,19.01,22.55,26.52
523,537,403,Joelinton,15,3,8.0,85.12,60,0.62,0.23,0.11,0.98,100.0,4.03,4.09,3.94,3.93,4.27,3.97,4.16,4.03,8.12,12.06,15.99,20.26,24.23,28.39
258,264,211,Muñoz,7,2,8.0,90.0,48,0.0,0.12,0.15,1.04,100.0,4.03,4.1,3.91,3.89,4.68,3.54,4.95,4.03,8.13,12.04,15.93,20.62,24.16,29.11
119,122,91,Flekken,4,1,9.0,83.89,44,0.0,0.0,0.06,1.57,100.0,3.99,4.17,4.43,4.33,4.09,3.87,3.87,3.99,8.16,12.6,16.93,21.02,24.89,28.76
64,65,58,Watkins,2,4,5.0,57.44,89,0.78,0.34,0.15,0.98,100.0,3.98,4.8,4.18,3.52,3.83,3.6,3.52,3.98,8.79,12.97,16.49,20.33,23.93,27.44
18,18,23,Trossard,1,3,6.0,65.44,68,0.56,0.1,0.26,0.55,100.0,3.98,4.46,4.19,3.85,4.05,4.19,3.94,3.98,8.44,12.63,16.48,20.52,24.71,28.65
559,574,436,Murillo,16,2,8.0,87.12,47,0.88,0.02,0.01,1.3,100.0,3.95,3.98,3.58,3.68,3.6,4.17,4.01,3.95,7.93,11.52,15.2,18.79,22.96,26.97
224,229,180,N.Jackson,6,4,8.0,73.22,78,0.33,0.27,0.17,0.85,100.0,3.95,3.65,3.74,4.38,4.14,3.46,4.26,3.95,7.6,11.33,15.71,19.85,23.31,27.56
324,332,255,Robinson,9,2,9.0,90.0,51,0.22,0.02,0.36,1.27,100.0,3.92,4.12,4.09,4.69,4.24,4.67,3.8,3.92,8.04,12.13,16.82,21.07,25.74,29.54
270,276,650,Lacroix,7,2,9.0,90.0,45,0.33,0.12,0.0,1.36,100.0,3.89,4.04,3.82,3.77,4.3,3.45,4.6,3.89,7.93,11.75,15.52,19.82,23.28,27.87
170,174,136,Mitoma,5,3,7.0,73.11,63,0.44,0.19,0.12,0.8,100.0,3.87,4.43,5.01,3.82,4.0,4.14,4.07,3.87,8.3,13.31,17.13,21.13,25.27,29.34
695,714,533,Aït-Nouri,20,2,8.0,86.25,47,0.38,0.02,0.24,1.82,100.0,3.86,3.55,3.56,3.85,3.93,4.79,4.11,3.86,7.42,10.97,14.82,18.75,23.55,27.66
8,8,9,Martinelli,1,3,6.0,68.22,67,0.22,0.26,0.06,0.57,100.0,3.86,4.37,4.08,3.68,3.91,4.09,3.79,3.86,8.23,12.31,15.99,19.9,23.99,27.78
673,691,521,Fabianski,19,1,6.0,80.83,41,0.0,0.0,0.0,1.28,100.0,3.84,3.99,3.89,4.23,3.82,4.23,4.1,3.84,7.83,11.73,15.96,19.78,24.01,28.11
59,60,53,Ramsey,2,3,3.0,64.2,54,0.6,0.15,0.04,0.87,100.0,3.84,4.23,3.85,3.57,3.74,3.53,3.6,3.84,8.07,11.92,15.49,19.22,22.76,26.36
257,263,210,Mitchell,7,2,9.0,88.0,48,0.33,0.01,0.19,1.28,100.0,3.83,3.99,3.76,3.71,4.21,3.4,4.51,3.83,7.82,11.58,15.29,19.5,22.9,27.41
346,355,270,Greaves,10,2,5.0,90.0,39,0.0,0.12,0.0,1.81,100.0,3.8,3.11,3.48,3.18,3.01,2.99,2.91,3.8,6.92,10.4,13.58,16.6,19.58,22.5
229,234,185,Sánchez,6,1,8.0,90.0,47,0.25,0.0,0.0,1.62,100.0,3.78,3.78,3.75,4.01,3.95,3.66,3.62,3.78,7.56,11.31,15.32,19.27,22.93,26.55
100,102,580,Huijsen,3,2,9.0,90.0,44,0.89,0.09,0.03,1.07,100.0,3.77,5.01,4.5,4.28,4.17,4.29,4.67,3.77,8.78,13.29,17.57,21.74,26.03,30.7
667,685,513,Areola,19,1,3.0,81.0,42,0.0,0.0,0.0,2.08,100.0,3.76,3.91,3.81,4.15,3.74,4.14,4.01,3.76,7.67,11.48,15.63,19.36,23.51,27.52
156,160,122,Estupiñan,5,2,7.0,89.0,50,0.57,0.01,0.11,1.17,75.0,3.75,3.68,4.53,3.47,3.84,3.55,3.78,3.75,7.43,11.95,15.42,19.26,22.81,26.59
53,54,47,Martinez,2,1,9.0,90.0,50,0.0,0.0,0.0,1.29,100.0,3.75,3.74,3.4,3.52,3.6,3.23,3.66,3.75,7.49,10.89,14.4,18.01,21.24,24.89
2,2,3,Gabriel,1,2,8.0,90.0,64,0.5,0.05,0.09,0.76,100.0,3.72,4.72,4.23,4.02,4.2,3.87,4.14,3.72,8.44,12.67,16.69,20.89,24.76,28.89
359,368,283,Walton,10,1,5.0,90.0,43,0.4,0.0,0.0,2.42,100.0,3.71,3.56,3.49,3.59,3.53,3.57,3.49,3.71,7.27,10.76,14.35,17.89,21.46,24.95
677,695,525,Kudus,19,3,9.0,81.44,62,0.44,0.11,0.09,1.49,100.0,3.69,3.55,3.22,3.85,3.35,3.38,3.66,3.69,7.25,10.46,14.31,17.66,21.04,24.69
12,12,16,Rice,1,3,7.0,70.78,62,0.56,0.09,0.17,0.52,100.0,3.68,4.1,3.87,3.61,3.76,3.84,3.68,3.68,7.79,11.65,15.26,19.02,22.87,26.55
230,235,187,Tosin,6,2,5.0,78.17,42,0.5,0.12,0.01,1.09,100.0,3.66,3.52,3.53,4.07,3.91,3.32,3.63,3.66,7.19,10.72,14.79,18.7,22.02,25.65
180,184,146,Verbruggen,5,1,9.0,90.0,45,0.22,0.0,0.0,1.23,100.0,3.65,3.39,4.12,3.37,3.71,3.35,3.63,3.65,7.05,11.17,14.53,18.24,21.59,25.22
249,255,201,Henderson,7,1,9.0,90.0,45,0.0,0.0,0.0,1.36,100.0,3.65,3.92,3.64,3.55,3.71,3.28,4.04,3.65,7.56,11.2,14.75,18.45,21.74,25.77
672,690,520,Emerson,19,2,7.0,77.57,44,0.29,0.1,0.04,1.38,100.0,3.64,3.64,3.26,4.09,3.32,3.67,3.81,3.64,7.28,10.54,14.63,17.95,21.62,25.43
116,119,88,Collins,4,2,9.0,90.0,45,0.22,0.08,0.08,1.6,100.0,3.64,3.69,4.03,3.67,3.5,3.22,3.25,3.64,7.33,11.36,15.03,18.54,21.76,25.01
126,129,98,Lewis-Potter,4,3,9.0,89.44,50,0.0,0.13,0.13,1.6,100.0,3.62,3.4,3.63,3.1,3.2,3.02,3.06,3.62,7.02,10.65,13.75,16.95,19.97,23.03
117,120,89,Damsgaard,4,3,8.0,75.89,50,0.22,0.03,0.24,1.19,100.0,3.62,3.44,3.64,3.19,3.26,3.1,3.14,3.62,7.05,10.69,13.88,17.15,20.25,23.39
316,324,247,Iwobi,9,3,9.0,81.22,58,0.33,0.17,0.09,1.12,100.0,3.6,3.6,3.65,4.04,3.69,4.31,3.42,3.6,7.2,10.85,14.89,18.58,22.88,26.3
44,45,38,Duran,2,4,4.0,45.67,58,0.67,0.4,0.0,0.58,100.0,3.59,4.3,3.76,3.19,3.46,3.26,3.18,3.59,7.89,11.66,14.85,18.31,21.57,24.75
134,137,106,Schade,4,3,4.0,47.22,51,0.33,0.23,0.08,0.65,75.0,3.52,3.19,3.49,2.77,2.92,2.69,2.75,3.52,6.71,10.2,12.96,15.88,18.57,21.33
451,463,350,Gvardiol,13,2,9.0,90.0,59,0.0,0.25,0.02,1.35,100.0,3.52,3.61,3.54,4.18,3.77,3.86,4.53,3.52,7.13,10.67,14.85,18.62,22.47,27.01
38,39,32,Cash,2,2,7.0,86.86,44,0.14,0.01,0.13,1.32,100.0,3.51,3.71,3.21,3.17,3.33,2.9,3.3,3.51,7.22,10.43,13.6,16.93,19.83,23.13
11,11,15,Raya,1,1,9.0,90.0,55,0.22,0.0,0.0,0.74,100.0,3.51,4.4,3.98,3.92,4.01,3.57,4.0,3.51,7.91,11.89,15.81,19.82,23.4,27.4
560,575,437,N.Williams,16,2,9.0,86.11,44,0.22,0.03,0.07,1.04,100.0,3.5,3.53,3.13,3.19,3.18,3.86,3.58,3.5,7.03,10.16,13.35,16.52,20.39,23.96
546,561,423,Anderson,16,3,9.0,82.56,50,0.33,0.08,0.2,1.18,100.0,3.5,3.53,3.41,3.27,3.58,4.24,3.63,3.5,7.03,10.44,13.71,17.29,21.53,25.16
212,217,168,Enzo,6,3,8.0,90.0,48,0.25,0.12,0.18,1.73,100.0,3.49,3.28,3.33,3.85,3.66,3.12,3.66,3.49,6.77,10.1,13.95,17.61,20.73,24.39
393,403,304,Stolarczyk,11,1,6.0,90.0,40,0.0,0.0,0.0,1.82,100.0,3.49,3.24,3.31,3.35,3.2,3.36,3.18,3.49,6.73,10.04,13.39,16.59,19.95,23.13
446,458,345,De Bruyne,13,3,6.0,64.38,94,0.25,0.03,0.49,0.78,100.0,3.48,3.64,3.66,4.22,3.63,3.71,4.23,3.48,7.12,10.79,15.01,18.64,22.35,26.57
55,56,49,Mings,2,2,4.0,75.4,44,0.6,0.0,0.0,0.79,75.0,3.48,3.49,3.13,3.23,3.33,2.95,3.37,3.48,6.97,10.1,13.33,16.66,19.61,22.98
638,655,495,Pedro Porro,18,2,7.0,77.89,54,0.22,0.02,0.3,2.08,100.0,3.47,3.47,3.91,3.36,3.21,3.4,3.52,3.47,6.95,10.85,14.22,17.43,20.83,24.34
339,348,263,Burgess,10,2,4.0,90.0,39,0.0,0.02,0.14,2.86,100.0,3.47,2.91,3.17,2.96,2.82,2.81,2.73,3.47,6.37,9.54,12.5,15.33,18.14,20.87
664,682,388,Wan-Bissaka,19,2,9.0,90.0,45,0.33,0.02,0.15,1.77,100.0,3.47,3.5,3.19,3.91,3.22,3.58,3.66,3.47,6.97,10.16,14.07,17.29,20.86,24.52
251,257,203,Hughes,7,3,8.0,76.25,49,0.38,0.02,0.25,1.17,100.0,3.46,3.38,3.38,3.4,3.91,3.28,3.95,3.46,6.83,10.21,13.61,17.53,20.8,24.76
163,167,129,João Pedro,5,4,9.0,86.33,56,0.44,0.16,0.15,1.06,100.0,3.45,3.95,4.29,3.46,3.54,3.73,3.61,3.45,7.4,11.69,15.15,18.69,22.42,26.03
631,648,488,Forster,18,1,5.0,90.0,43,0.0,0.0,0.0,2.31,100.0,3.44,3.48,3.5,3.33,3.34,3.47,3.35,3.44,6.92,10.42,13.75,17.08,20.56,23.91
317,325,248,Leno,9,1,9.0,90.0,50,0.0,0.0,0.0,1.27,100.0,3.42,3.71,3.58,3.85,3.74,3.44,3.53,3.42,7.13,10.71,14.56,18.3,21.74,25.27
716,735,554,José Sá,20,1,7.0,90.0,43,0.14,0.0,0.0,1.71,100.0,3.4,3.13,3.23,3.46,3.64,3.72,3.45,3.4,6.53,9.77,13.22,16.87,20.59,24.03
221,226,177,Madueke,6,3,5.0,55.12,61,0.38,0.31,0.12,1.18,100.0,3.4,3.04,3.14,3.96,3.66,2.79,3.72,3.4,6.44,9.58,13.54,17.2,19.99,23.72
10,10,13,Ødegaard,1,3,7.0,76.5,82,0.38,0.08,0.16,0.64,100.0,3.38,3.78,3.56,3.33,3.47,3.53,3.4,3.38,7.16,10.73,14.05,17.52,21.05,24.45
50,51,44,Konsa,2,2,9.0,90.0,44,0.44,0.01,0.0,1.29,100.0,3.38,3.41,3.03,3.12,3.22,2.84,3.26,3.38,6.78,9.82,12.94,16.16,19.0,22.26
690,708,654,C.Soler,19,3,6.0,60.71,50,0.29,0.12,0.04,1.16,100.0,3.38,3.26,2.97,3.53,3.08,3.12,3.36,3.38,6.64,9.61,13.14,16.22,19.34,22.7
178,182,144,Van Hecke,5,2,9.0,90.0,45,0.44,0.01,0.02,1.23,100.0,3.38,3.19,3.96,3.1,3.45,3.11,3.38,3.38,6.57,10.53,13.63,17.08,20.19,23.57
350,359,274,Hutchinson,10,3,8.0,80.62,52,0.12,0.11,0.02,2.09,100.0,3.36,2.89,3.22,2.92,2.82,2.78,2.77,3.36,6.24,9.46,12.38,15.21,17.99,20.76
557,572,434,Hudson-Odoi,16,3,7.0,80.57,52,0.0,0.12,0.19,0.79,75.0,3.35,3.38,3.26,3.09,3.47,4.23,3.5,3.35,6.73,9.99,13.08,16.55,20.77,24.27
129,132,101,Nørgaard,4,3,9.0,80.89,48,0.11,0.11,0.07,1.49,75.0,3.34,3.19,3.37,2.98,3.04,2.89,2.92,3.34,6.53,9.9,12.89,15.92,18.81,21.74
459,471,358,Ortega Moreno,13,1,6.0,90.0,52,0.0,0.0,0.0,1.41,100.0,3.34,3.26,3.14,3.28,3.48,3.51,3.75,3.34,6.61,9.75,13.03,16.52,20.02,23.77
232,237,386,Sancho,6,3,7.0,73.33,62,0.22,0.12,0.12,1.28,100.0,3.3,3.12,3.16,3.61,3.45,2.97,3.44,3.3,6.41,9.57,13.18,16.63,19.61,23.05
537,551,417,Tonali,15,3,8.0,83.33,55,0.22,0.18,0.04,0.87,100.0,3.29,3.3,3.22,3.18,3.46,3.23,3.38,3.29,6.59,9.81,12.99,16.44,19.67,23.05
42,43,36,Digne,2,2,7.0,75.89,46,0.0,0.01,0.1,1.1,100.0,3.29,3.46,2.98,2.96,3.11,2.69,3.1,3.29,6.75,9.73,12.69,15.8,18.49,21.59
54,55,48,McGinn,2,3,6.0,67.71,52,0.14,0.03,0.2,1.0,100.0,3.27,3.6,3.26,3.02,3.17,2.98,3.05,3.27,6.87,10.13,13.15,16.32,19.29,22.34
85,87,70,Kerkez,3,2,9.0,90.0,49,0.33,0.07,0.09,1.07,100.0,3.26,4.53,4.01,3.78,3.69,3.79,4.2,3.26,7.8,11.81,15.59,19.27,23.06,27.26
496,509,383,Onana,14,1,9.0,90.0,50,0.0,0.0,0.0,1.65,100.0,3.26,3.14,3.64,3.47,3.21,3.65,3.36,3.26,6.4,10.04,13.5,16.71,20.36,23.72
296,303,577,Lindstrøm,8,3,3.0,34.11,50,0.0,0.02,0.04,0.25,100.0,3.25,1.5,1.61,1.6,1.69,1.66,1.43,3.25,4.75,6.36,7.96,9.65,11.31,12.73
586,602,453,Armstrong,17,4,7.0,62.78,51,0.0,0.05,0.06,2.16,100.0,3.25,2.56,2.61,2.94,2.65,2.84,2.61,3.25,5.82,8.43,11.37,14.03,16.87,19.49
179,183,145,Veltman,5,2,6.0,84.33,44,0.33,0.01,0.02,0.75,100.0,3.24,3.03,3.79,2.95,3.31,2.96,3.23,3.24,6.27,10.05,13.01,16.31,19.27,22.5
457,469,356,Matheus N.,13,3,5.0,90.0,49,0.4,0.04,0.28,1.54,100.0,3.24,3.33,3.34,3.72,3.35,3.4,3.76,3.24,6.58,9.92,13.63,16.98,20.38,24.14
590,606,457,Bree,17,2,6.0,60.12,39,0.0,0.0,0.09,1.61,100.0,3.21,2.58,2.72,2.86,2.59,2.92,2.67,3.21,5.79,8.51,11.37,13.96,16.88,19.55
133,136,105,Roerslev,4,2,7.0,79.88,43,0.0,0.01,0.16,1.32,100.0,3.2,3.29,3.61,3.32,3.13,2.87,2.89,3.2,6.49,10.1,13.42,16.56,19.43,22.32
661,678,716,Kinsky,18,1,3.0,90.0,45,0.0,0.0,0.0,1.99,100.0,3.2,3.24,3.26,3.09,3.1,3.23,3.11,3.2,6.44,9.7,12.79,15.89,19.12,22.23
372,382,192,J.Ayew,11,3,6.0,68.86,52,0.14,0.12,0.05,1.38,100.0,3.19,3.01,3.51,3.65,3.76,3.44,3.48,3.19,6.2,9.71,13.36,17.12,20.56,24.04
387,397,298,Mavididi,11,3,7.0,75.12,51,0.0,0.09,0.13,1.96,100.0,3.17,2.96,3.53,3.69,3.81,3.45,3.5,3.17,6.13,9.66,13.35,17.16,20.61,24.11
5,5,6,J.Timber,1,2,8.0,89.38,56,0.38,0.0,0.04,0.68,100.0,3.16,4.07,3.64,3.54,3.65,3.24,3.63,3.16,7.22,10.86,14.4,18.06,21.3,24.93
155,159,120,Dunk,5,2,7.0,82.12,43,0.0,0.02,0.08,1.25,100.0,3.15,3.06,3.9,2.86,3.24,2.93,3.18,3.15,6.2,10.1,12.96,16.2,19.13,22.31
516,530,395,Burn,15,2,9.0,90.0,44,0.11,0.02,0.02,1.05,100.0,3.15,2.8,3.08,2.64,3.17,2.96,3.09,3.15,5.95,9.03,11.66,14.83,17.79,20.88
594,610,461,Harwood-Bellis,17,2,9.0,90.0,41,0.22,0.02,0.02,2.51,100.0,3.11,2.65,2.78,2.84,2.64,2.92,2.73,3.11,5.76,8.54,11.38,14.02,16.94,19.67
623,640,480,Bentancur,18,3,3.0,81.0,49,0.0,0.19,0.04,1.35,100.0,3.08,3.05,3.49,3.05,2.89,2.97,3.2,3.08,6.13,9.62,12.67,15.55,18.52,21.72
609,625,476,Walker-Peters,17,2,9.0,88.89,43,0.0,0.01,0.05,2.51,100.0,3.08,2.52,2.65,2.76,2.51,2.83,2.6,3.08,5.59,8.24,11.0,13.51,16.34,18.94
727,746,566,Strand Larsen,20,4,8.0,74.44,53,0.11,0.2,0.0,1.31,75.0,3.08,3.04,2.94,3.01,2.91,3.67,3.27,3.08,6.12,9.06,12.07,14.98,18.65,21.93
165,169,131,Lamptey,5,2,4.0,54.5,44,0.17,0.19,0.01,1.08,100.0,3.07,3.37,4.46,2.8,3.23,3.07,3.23,3.07,6.44,10.9,13.7,16.93,20.01,23.24
603,619,470,Onuachu,17,4,4.0,48.29,49,0.0,0.16,0.01,1.36,100.0,3.07,1.93,2.01,2.56,2.08,2.39,2.02,3.07,5.0,7.01,9.57,11.65,14.05,16.06
63,64,57,Tielemans,2,3,9.0,78.67,55,0.11,0.1,0.05,0.89,100.0,3.07,3.35,3.05,2.86,2.98,2.81,2.89,3.07,6.42,9.47,12.33,15.31,18.12,21.01
728,747,567,Toti,20,2,4.0,90.0,43,0.5,0.0,0.01,0.93,100.0,3.02,2.75,2.85,3.08,3.26,3.36,3.08,3.02,5.77,8.63,11.71,14.96,18.32,21.4
78,80,63,Christie,3,3,9.0,89.44,49,0.22,0.06,0.17,1.07,100.0,2.99,3.57,3.27,3.1,3.31,3.18,3.51,2.99,6.56,9.82,12.92,16.23,19.41,22.92
581,597,188,Ugochukwu,17,3,4.0,64.71,44,0.0,0.01,0.08,1.78,100.0,2.98,2.45,2.51,2.72,2.5,2.68,2.5,2.98,5.43,7.94,10.66,13.16,15.84,18.34
535,549,415,Schär,15,2,6.0,83.57,54,0.0,0.02,0.01,0.87,100.0,2.97,2.62,2.91,2.46,2.98,2.79,2.9,2.97,5.59,8.5,10.96,13.94,16.72,19.63
482,495,369,Dalot,14,2,8.0,90.0,50,0.12,0.03,0.03,1.7,100.0,2.97,3.03,3.33,3.41,2.87,3.51,3.05,2.97,6.0,9.33,12.75,15.61,19.12,22.17
490,503,377,Maguire,14,2,7.0,73.56,49,0.22,0.02,0.01,1.3,100.0,2.96,2.95,3.32,3.31,2.87,3.44,3.05,2.96,5.9,9.23,12.54,15.41,18.85,21.89
637,654,494,Maddison,18,3,3.0,44.88,75,0.38,0.27,0.1,1.12,75.0,2.96,2.9,3.57,2.93,2.68,2.79,3.15,2.96,5.87,9.44,12.37,15.05,17.84,21.0
142,145,338,Van den Berg,4,2,7.0,87.71,41,0.14,0.01,0.07,1.76,100.0,2.96,3.12,3.4,3.24,3.01,2.78,2.79,2.96,6.08,9.47,12.71,15.72,18.5,21.29
455,467,354,Kovačić,13,3,7.0,71.88,54,0.25,0.09,0.14,0.98,100.0,2.94,3.01,3.01,3.31,3.03,3.07,3.37,2.94,5.95,8.96,12.27,15.3,18.37,21.74
243,249,194,C.Richards,7,2,6.0,88.83,44,0.0,0.01,0.01,1.44,100.0,2.94,3.2,2.92,2.84,3.03,2.57,3.36,2.94,6.13,9.05,11.89,14.92,17.49,20.85
610,626,477,Wood,17,2,5.0,69.57,40,0.29,0.02,0.0,1.4,100.0,2.93,2.61,2.73,2.72,2.58,2.82,2.67,2.93,5.54,8.26,10.98,13.56,16.38,19.06
529,543,409,Livramento,15,2,7.0,75.25,45,0.0,0.0,0.02,1.11,100.0,2.93,2.56,2.86,2.41,2.92,2.74,2.85,2.93,5.49,8.35,10.76,13.68,16.42,19.27
456,468,355,Lewis,13,2,5.0,76.83,45,0.0,0.1,0.02,1.02,100.0,2.93,2.92,2.82,3.18,3.11,3.16,3.6,2.93,5.85,8.67,11.85,14.96,18.13,21.72
384,394,295,Justin,11,2,9.0,82.22,42,0.0,0.05,0.01,1.94,100.0,2.92,2.62,2.89,2.98,2.89,2.9,2.76,2.92,5.53,8.43,11.4,14.3,17.2,19.96
443,455,342,Bernardo,13,3,8.0,90.0,62,0.25,0.09,0.11,1.49,100.0,2.9,2.97,2.96,3.25,2.99,3.03,3.31,2.9,5.87,8.84,12.09,15.08,18.11,21.42
514,528,393,Botman,15,2,3.0,75.0,44,0.0,0.0,0.0,1.09,100.0,2.9,2.53,2.84,2.38,2.89,2.71,2.82,2.9,5.43,8.27,10.65,13.55,16.26,19.08
98,100,85,Zabarnyi,3,2,9.0,90.0,44,0.33,0.03,0.01,1.07,100.0,2.89,3.98,3.57,3.42,3.16,3.38,3.62,2.89,6.86,10.43,13.85,17.01,20.39,24.01
403,413,635,El Khannouss,11,3,9.0,72.44,48,0.22,0.07,0.02,1.72,100.0,2.85,2.72,3.0,3.07,3.12,2.96,2.96,2.85,5.56,8.56,11.64,14.75,17.71,20.68
488,501,375,Højlund,14,4,7.0,63.56,69,0.22,0.13,0.03,1.15,100.0,2.85,3.22,2.79,3.34,2.73,3.15,2.8,2.85,6.07,8.85,12.19,14.92,18.06,20.86
502,515,593,De Ligt,14,2,7.0,77.57,49,0.0,0.04,0.01,1.54,100.0,2.84,2.9,3.2,3.28,2.74,3.37,2.92,2.84,5.74,8.93,12.21,14.95,18.32,21.25
642,659,499,P.M.Sarr,18,3,8.0,61.89,48,0.11,0.14,0.01,1.85,100.0,2.84,2.83,3.12,2.82,2.71,2.78,2.92,2.84,5.67,8.79,11.61,14.32,17.09,20.01
318,326,249,Lukić,9,3,8.0,79.44,48,0.11,0.04,0.14,1.24,100.0,2.84,2.88,2.89,3.13,2.93,3.22,2.76,2.84,5.72,8.61,11.74,14.67,17.89,20.65
721,740,559,N.Semedo,20,2,7.0,81.12,45,0.0,0.0,0.08,1.31,100.0,2.83,2.54,2.61,2.86,3.01,3.35,2.94,2.83,5.37,7.99,10.85,13.86,17.21,20.15
75,77,60,Adams,3,3,4.0,61.14,49,0.14,0.0,0.22,0.83,100.0,2.81,3.34,3.07,2.92,3.09,2.99,3.27,2.81,6.15,9.22,12.14,15.23,18.21,21.49
206,211,162,Colwill,6,2,8.0,90.0,45,0.0,0.02,0.08,1.73,100.0,2.8,2.73,2.71,3.11,3.0,2.57,2.69,2.8,5.52,8.23,11.34,14.35,16.91,19.61
385,395,296,Kristiansen,11,2,8.0,90.0,45,0.0,0.0,0.06,2.1,100.0,2.78,2.5,2.7,2.76,2.66,2.72,2.56,2.78,5.28,7.97,10.74,13.39,16.11,18.68
680,698,528,Mavropanos,19,2,7.0,76.38,43,0.25,0.02,0.0,1.53,100.0,2.77,2.89,2.74,3.17,2.7,3.09,3.01,2.77,5.66,8.4,11.57,14.27,17.36,20.37
313,321,244,Castagne,9,2,7.0,83.12,42,0.0,0.0,0.08,1.1,100.0,2.76,3.03,2.93,3.27,3.08,2.95,2.82,2.76,5.79,8.72,11.99,15.07,18.03,20.84
15,15,20,Thomas,1,3,7.0,72.67,50,0.0,0.03,0.15,0.74,100.0,2.76,3.11,2.92,2.75,2.86,2.87,2.81,2.76,5.87,8.79,11.54,14.4,17.27,20.08
676,694,524,Kilman,19,2,9.0,82.0,43,0.0,0.03,0.03,1.73,100.0,2.74,2.83,2.62,3.16,2.61,2.99,2.96,2.74,5.58,8.2,11.35,13.96,16.95,19.91
646,663,504,Spence,18,2,6.0,87.67,44,0.0,0.01,0.13,2.2,75.0,2.72,2.74,2.95,2.61,2.55,2.71,2.69,2.72,5.47,8.41,11.02,13.57,16.28,18.97
441,453,340,Akanji,13,2,7.0,87.29,53,0.14,0.01,0.01,1.21,100.0,2.68,2.61,2.5,2.67,2.82,2.85,3.13,2.68,5.29,7.79,10.46,13.28,16.14,19.26
503,516,594,Mazraoui,14,2,8.0,78.44,43,0.0,0.01,0.01,1.42,100.0,2.67,2.62,3.04,2.96,2.6,3.12,2.76,2.67,5.28,8.32,11.29,13.88,17.0,19.76
310,318,241,Bassey,9,2,8.0,90.0,45,0.0,0.02,0.01,1.17,100.0,2.66,2.94,2.83,3.14,2.99,2.79,2.74,2.66,5.6,8.43,11.57,14.56,17.35,20.09
34,35,28,Bailey,2,3,4.0,52.33,62,0.33,0.15,0.06,0.48,100.0,2.66,3.08,2.68,2.37,2.55,2.34,2.4,2.66,5.75,8.42,10.8,13.35,15.69,18.09
377,387,288,Coady,11,2,6.0,75.43,40,0.0,0.0,0.03,1.88,100.0,2.66,2.39,2.53,2.58,2.45,2.56,2.39,2.66,5.05,7.57,10.15,12.6,15.16,17.55
343,352,267,Davis,10,2,9.0,85.0,44,0.0,0.01,0.03,2.18,100.0,2.65,2.4,2.41,2.43,2.35,2.38,2.3,2.65,5.04,7.45,9.89,12.24,14.62,16.92
725,744,564,S.Bueno,20,2,9.0,90.0,43,0.0,0.01,0.0,1.68,100.0,2.6,2.33,2.42,2.65,2.83,2.99,2.67,2.6,4.93,7.35,10.01,12.83,15.82,18.49
396,406,307,Vestergaard,11,2,9.0,80.67,39,0.0,0.0,0.0,1.89,100.0,2.57,2.31,2.4,2.44,2.29,2.44,2.27,2.57,4.88,7.28,9.72,12.01,14.45,16.72
307,315,191,Andersen,9,2,6.0,90.0,42,0.0,0.01,0.01,1.28,100.0,2.57,2.85,2.74,3.02,2.89,2.64,2.66,2.57,5.43,8.16,11.18,14.08,16.72,19.39
367,376,630,O'Shea,10,2,9.0,90.0,40,0.0,0.01,0.0,2.28,100.0,2.55,2.34,2.32,2.37,2.3,2.33,2.24,2.55,4.88,7.2,9.56,11.86,14.19,16.43
333,341,622,Berge,9,3,5.0,87.0,50,0.4,0.0,0.01,0.91,100.0,2.54,2.62,2.59,2.66,2.62,2.56,2.57,2.54,5.16,7.75,10.4,13.03,15.59,18.16
735,754,720,Agbadou,20,2,3.0,90.0,40,0.0,0.0,0.0,2.21,100.0,2.53,2.26,2.36,2.59,2.77,2.87,2.59,2.53,4.79,7.15,9.74,12.5,15.38,17.96
314,322,245,Diop,9,2,6.0,70.86,44,0.0,0.0,0.0,1.07,100.0,2.5,2.78,2.66,2.92,2.82,2.52,2.6,2.5,5.28,7.94,10.86,13.68,16.2,18.8
665,683,511,Álvarez,19,3,8.0,76.22,50,0.0,0.01,0.07,1.31,100.0,2.47,2.45,2.32,2.58,2.35,2.43,2.5,2.47,4.91,7.23,9.82,12.17,14.6,17.09
185,189,600,Ayari,5,3,7.0,67.78,50,0.0,0.04,0.02,0.89,100.0,2.46,2.52,2.79,2.39,2.5,2.45,2.49,2.46,4.98,7.77,10.16,12.66,15.11,17.61
253,259,206,Lerma,7,3,8.0,78.25,48,0.0,0.03,0.02,1.39,100.0,2.44,2.47,2.42,2.41,2.57,2.32,2.64,2.44,4.91,7.32,9.73,12.3,14.62,17.26
48,49,42,Kamara,2,3,9.0,86.67,50,0.11,0.01,0.01,1.13,100.0,2.44,2.49,2.37,2.36,2.4,2.29,2.39,2.44,4.93,7.3,9.66,12.06,14.35,16.75
122,125,94,Janelt,4,3,6.0,65.62,49,0.0,0.01,0.05,1.15,100.0,2.4,2.41,2.5,2.39,2.35,2.28,2.29,2.4,4.81,7.31,9.7,12.05,14.33,16.62
360,369,284,Woolfenden,10,2,4.0,90.0,40,0.0,0.0,0.0,1.52,100.0,2.38,2.23,2.16,2.26,2.2,2.24,2.16,2.38,4.62,6.78,9.04,11.25,13.49,15.65
201,206,157,Caicedo,6,3,9.0,88.89,49,0.0,0.01,0.07,1.63,100.0,2.38,2.33,2.33,2.5,2.45,2.27,2.39,2.38,4.7,7.04,9.54,11.99,14.26,16.65
306,314,19,Smith Rowe,9,3,4.0,50.43,52,0.43,0.15,0.01,0.88,100.0,2.37,2.39,2.42,2.72,2.45,2.87,2.25,2.37,4.76,7.17,9.89,12.34,15.22,17.46
710,729,548,Guedes,20,3,4.0,45.11,53,0.22,0.09,0.13,0.6,100.0,2.36,2.26,2.18,2.3,2.24,3.07,2.58,2.36,4.62,6.79,9.09,11.34,14.4,16.98
712,731,550,Hee Chan,20,3,3.0,43.43,61,0.0,0.2,0.01,0.84,100.0,2.35,2.24,2.14,2.28,2.2,3.19,2.61,2.35,4.59,6.72,9.0,11.2,14.39,17.0
629,646,486,Dragusin,18,2,8.0,77.89,43,0.0,0.0,0.01,2.13,100.0,2.35,2.38,2.43,2.24,2.24,2.38,2.26,2.35,4.73,7.16,9.4,11.64,14.01,16.28
151,155,115,Baleba,5,3,9.0,84.11,50,0.0,0.02,0.02,1.03,100.0,2.32,2.32,2.54,2.25,2.35,2.28,2.34,2.32,4.65,7.19,9.44,11.8,14.08,16.42
491,504,378,Mainoo,14,3,6.0,62.56,52,0.0,0.02,0.02,1.21,100.0,2.32,2.4,2.4,2.51,2.27,2.5,2.33,2.32,4.72,7.11,9.62,11.9,14.4,16.73
506,519,652,Ugarte,14,3,8.0,70.25,49,0.0,0.02,0.02,1.22,75.0,2.31,2.38,2.39,2.5,2.26,2.49,2.32,2.31,4.69,7.08,9.58,11.84,14.33,16.65
585,601,452,Aribo,17,3,7.0,67.22,49,0.0,0.0,0.01,1.71,100.0,2.27,2.13,2.16,2.19,2.13,2.21,2.15,2.27,4.4,6.56,8.75,10.88,13.09,15.24
79,81,64,Cook,3,3,8.0,85.0,50,0.0,0.01,0.05,1.02,100.0,2.26,2.6,2.45,2.39,2.38,2.4,2.51,2.26,4.86,7.31,9.71,12.09,14.48,17.0
374,384,285,B.Soumaré,11,3,8.0,90.0,44,0.0,0.01,0.02,1.84,100.0,2.26,2.18,2.26,2.29,2.27,2.26,2.23,2.26,4.43,6.69,8.98,11.25,13.51,15.73
398,408,309,Winks,11,3,6.0,71.71,44,0.0,0.0,0.02,1.31,100.0,2.24,2.16,2.23,2.26,2.23,2.24,2.2,2.24,4.4,6.63,8.89,11.12,13.35,15.55
25,25,633,Merino,1,3,4.0,45.75,60,0.12,0.13,0.09,0.45,75.0,2.2,2.61,2.38,2.13,2.28,2.35,2.21,2.2,4.81,7.19,9.33,11.61,13.97,16.18
149,153,113,Adingra,5,3,3.0,44.2,52,0.0,0.18,0.04,0.79,100.0,2.16,2.59,3.09,2.11,2.27,2.36,2.32,2.16,4.75,7.83,9.94,12.21,14.56,16.88
354,363,278,Morsy,10,3,7.0,81.12,49,0.0,0.0,0.01,2.27,100.0,2.16,2.1,2.1,2.11,2.09,2.09,2.07,2.16,4.26,6.36,8.46,10.55,12.64,14.72
366,375,619,Cajuste,10,3,7.0,62.0,45,0.0,0.0,0.01,1.61,100.0,2.16,2.1,2.1,2.1,2.09,2.09,2.07,2.16,4.25,6.35,8.45,10.54,12.63,14.7
730,749,642,André,20,3,8.0,74.75,50,0.0,0.0,0.01,1.32,100.0,2.15,2.08,2.11,2.17,2.21,2.25,2.17,2.15,4.24,6.34,8.51,10.72,12.97,15.14
624,641,481,Bergvall,18,3,5.0,61.25,44,0.0,0.01,0.01,1.41,100.0,2.14,2.15,2.18,2.11,2.1,2.14,2.13,2.14,4.29,6.47,8.59,10.69,12.83,14.96
612,628,518,Downes,17,3,5.0,63.33,47,0.0,0.0,0.0,1.76,100.0,2.14,2.07,2.1,2.09,2.06,2.12,2.09,2.14,4.21,6.31,8.4,10.46,12.58,14.67
600,616,467,Manning,17,2,3.0,41.83,43,0.0,0.01,0.08,1.36,100.0,2.13,1.54,1.68,1.8,1.54,1.86,1.63,2.13,3.67,5.34,7.14,8.68,10.55,12.17
632,649,489,Gray,18,3,8.0,81.22,46,0.0,0.0,0.0,1.92,100.0,2.09,2.1,2.11,2.06,2.06,2.09,2.06,2.09,4.18,6.29,8.34,10.4,12.5,14.56
338,347,262,Broadhead,10,3,3.0,46.33,49,0.0,0.06,0.06,0.6,100.0,2.0,1.62,1.88,1.65,1.57,1.54,1.52,2.0,3.62,5.51,7.16,8.73,10.27,11.79
77,79,62,Brooks,3,3,4.0,41.0,49,0.11,0.13,0.09,0.55,100.0,2.0,2.63,2.29,2.1,2.36,2.19,2.57,2.0,4.62,6.92,9.01,11.37,13.57,16.14
9,9,12,Nwaneri,1,3,3.0,35.0,45,0.17,0.12,0.02,0.19,100.0,1.96,2.31,2.12,1.95,2.06,2.07,2.0,1.96,4.27,6.4,8.34,10.4,12.47,14.47
485,498,372,Garnacho,14,3,3.0,43.0,59,0.12,0.07,0.1,0.82,100.0,1.94,2.32,1.97,2.53,1.8,2.37,1.92,1.94,4.26,6.24,8.76,10.56,12.93,14.85
188,192,618,Georginio,5,3,3.0,45.56,51,0.0,0.15,0.02,0.51,100.0,1.94,2.24,2.67,1.87,2.02,2.07,2.05,1.94,4.18,6.85,8.72,10.74,12.81,14.86
309,317,240,Andreas,9,3,4.0,48.43,50,0.0,0.1,0.09,0.9,100.0,1.93,1.94,1.97,2.27,2.01,2.42,1.8,1.93,3.87,5.84,8.11,10.12,12.54,14.35
669,687,516,Coufal,19,2,4.0,56.0,42,0.17,0.02,0.05,1.34,100.0,1.88,1.98,1.77,2.29,1.75,2.13,2.11,1.88,3.86,5.63,7.92,9.68,11.81,13.91
501,514,572,Yoro,14,2,4.0,46.56,43,0.0,0.04,0.0,0.93,100.0,1.78,1.8,2.15,2.17,1.69,2.29,1.87,1.78,3.58,5.73,7.9,9.59,11.88,13.75
724,743,563,R.Gomes,20,3,3.0,34.75,51,0.0,0.08,0.04,0.65,100.0,1.74,1.65,1.61,1.71,1.69,2.19,1.87,1.74,3.38,4.99,6.7,8.39,10.58,12.45
190,194,629,O'Riley,5,3,3.0,36.5,55,0.0,0.03,0.13,0.47,100.0,1.71,1.9,2.25,1.65,1.77,1.78,1.79,1.71,3.61,5.87,7.51,9.28,11.06,12.85
351,360,275,Johnson,10,2,4.0,52.62,39,0.0,0.02,0.01,1.55,100.0,1.68,1.42,1.44,1.46,1.38,1.4,1.32,1.68,3.1,4.55,6.01,7.38,8.78,10.1
380,390,291,Faes,11,2,3.0,58.67,39,0.0,0.01,0.01,1.1,100.0,1.66,1.39,1.53,1.58,1.45,1.57,1.4,1.66,3.05,4.59,6.17,7.62,9.19,10.59
215,220,171,Gusto,6,2,4.0,56.0,49,0.0,0.02,0.03,0.84,100.0,1.65,1.6,1.58,1.92,1.84,1.46,1.52,1.65,3.25,4.83,6.76,8.59,10.06,11.57
607,623,474,Sugawara,17,2,4.0,55.43,43,0.0,0.01,0.02,1.57,100.0,1.58,1.29,1.41,1.39,1.26,1.5,1.36,1.58,2.88,4.29,5.68,6.93,8.43,9.79
595,611,462,Kamaldeen,17,3,3.0,33.29,50,0.0,0.02,0.01,1.03,75.0,1.55,1.25,1.3,1.4,1.27,1.39,1.29,1.55,2.8,4.1,5.5,6.77,8.16,9.45
554,569,431,Dominguez,16,3,4.0,50.38,48,0.0,0.03,0.04,0.73,100.0,1.49,1.5,1.4,1.38,1.45,1.72,1.53,1.49,3.0,4.4,5.78,7.23,8.94,10.48
184,188,595,Gruda,5,3,5.0,49.83,54,0.0,0.02,0.04,0.92,100.0,1.41,1.46,1.71,1.34,1.45,1.4,1.44,1.41,2.87,4.57,5.92,7.37,8.76,10.2
233,238,560,Neto,6,3,5.0,55.0,62,0.0,0.03,0.04,0.85,100.0,1.37,1.32,1.33,1.5,1.45,1.26,1.38,1.37,2.7,4.03,5.53,6.98,8.24,9.62
466,478,625,Gündogan,13,3,5.0,59.75,64,0.0,0.01,0.09,1.12,100.0,1.33,1.34,1.32,1.45,1.38,1.4,1.55,1.33,2.67,3.99,5.44,6.82,8.22,9.77
500,513,389,Zirkzee,14,4,3.0,30.89,65,0.0,0.02,0.08,0.72,100.0,1.31,1.5,1.28,1.56,1.25,1.46,1.29,1.31,2.81,4.09,5.65,6.9,8.36,9.65
571,586,449,Yates,16,3,5.0,52.5,49,0.0,0.01,0.0,0.68,100.0,1.28,1.29,1.19,1.21,1.2,1.35,1.3,1.28,2.58,3.77,4.98,6.18,7.53,8.83
139,142,111,Yarmoliuk,4,3,4.0,48.5,44,0.0,0.02,0.01,1.19,100.0,1.27,1.3,1.37,1.31,1.26,1.2,1.2,1.27,2.56,3.94,5.25,6.51,7.71,8.91
686,704,588,G.Rodríguez,19,3,3.0,32.83,48,0.0,0.01,0.0,0.39,100.0,1.13,1.16,1.12,1.23,1.11,1.21,1.19,1.13,2.3,3.42,4.65,5.77,6.98,8.17
361,370,359,Phillips,10,3,3.0,53.5,48,0.0,0.0,0.0,1.17,100.0,1.13,1.08,1.07,1.09,1.07,1.08,1.06,1.13,2.21,3.28,4.37,5.44,6.51,7.57
625,642,482,Bissouma,18,3,4.0,51.17,48,0.0,0.0,0.0,1.62,100.0,1.1,1.11,1.13,1.08,1.07,1.11,1.08,1.1,2.21,3.34,4.42,5.49,6.6,7.68
465,477,607,O’Reilly,13,3,0.0,18.0,49,0.0,0.02,0.0,0.01,100.0,0.0,0.0,0.0,0.0,0.0,0.0,0.0,0.0,0.0,0.0,0.0,0.0,0.0,0.0
467,479,626,Kaboré,13,2,0.0,0.0,45,0.0,0.0,0.0,0.0,0.0,0.0,0.0,0.0,0.0,0.0,0.0,0.0,0.0,0.0,0.0,0.0,0.0,0.0,0.0
463,475,363,Walker,13,2,2.0,54.8,51,0.0,0.0,0.01,1.08,0.0,0.0,0.0,0.0,0.0,0.0,0.0,0.0,0.0,0.0,0.0,0.0,0.0,0.0,0.0
468,480,671,Wright,13,3,0.0,0.0,45,0.0,0.0,0.0,0.0,100.0,0.0,0.0,0.0,0.0,0.0,0.0,0.0,0.0,0.0,0.0,0.0,0.0,0.0,0.0
462,474,362,Stones,13,2,1.0,40.5,53,0.0,0.0,0.01,0.58,100.0,0.0,0.0,0.0,0.0,0.0,0.0,0.0,0.0,0.0,0.0,0.0,0.0,0.0,0.0
504,517,613,Collyer,14,3,0.0,25.33,45,0.0,0.0,0.0,0.31,100.0,0.0,0.0,0.0,0.0,0.0,0.0,0.0,0.0,0.0,0.0,0.0,0.0,0.0,0.0
454,466,353,João Cancelo,13,2,0.0,0.0,53,0.0,0.0,0.0,0.0,0.0,0.0,0.0,0.0,0.0,0.0,0.0,0.0,0.0,0.0,0.0,0.0,0.0,0.0,0.0
461,473,361,Rúben,13,2,3.0,90.0,54,0.0,0.08,0.01,1.33,0.0,0.0,0.0,0.0,0.0,0.0,0.0,0.0,0.0,0.0,0.0,0.0,0.0,0.0,0.0
460,472,360,Rodrigo,13,3,0.0,0.0,62,0.0,0.0,0.0,0.0,0.0,0.0,0.0,0.0,0.0,0.0,0.0,0.0,0.0,0.0,0.0,0.0,0.0,0.0,0.0
524,538,404,Kelly,15,2,0.0,1.0,42,0.0,0.0,0.0,0.08,100.0,0.0,0.0,0.0,0.0,0.0,0.0,0.0,0.0,0.0,0.0,0.0,0.0,0.0,0.0
525,539,405,Krafth,15,2,0.0,0.0,43,0.0,0.0,0.0,0.0,100.0,0.0,0.0,0.0,0.0,0.0,0.0,0.0,0.0,0.0,0.0,0.0,0.0,0.0,0.0
458,470,357,McAtee,13,3,0.0,16.0,46,0.0,0.22,0.0,0.26,100.0,0.0,0.0,0.0,0.0,0.0,0.0,0.0,0.0,0.0,0.0,0.0,0.0,0.0,0.0
470,482,675,Wilson-Esbrand,13,2,0.0,0.0,40,0.0,0.0,0.0,0.0,0.0,0.0,0.0,0.0,0.0,0.0,0.0,0.0,0.0,0.0,0.0,0.0,0.0,0.0,0.0
453,465,352,J.Alvarez,13,4,0.0,0.0,70,0.0,0.0,0.0,0.0,0.0,0.0,0.0,0.0,0.0,0.0,0.0,0.0,0.0,0.0,0.0,0.0,0.0,0.0,0.0
450,462,349,Grealish,13,3,1.0,28.0,64,0.0,0.01,0.03,0.72,100.0,0.0,0.0,0.0,0.0,0.0,0.0,0.0,0.0,0.0,0.0,0.0,0.0,0.0,0.0
526,540,406,Kuol,15,3,0.0,0.0,44,0.0,0.0,0.0,0.0,100.0,0.0,0.0,0.0,0.0,0.0,0.0,0.0,0.0,0.0,0.0,0.0,0.0,0.0,0.0
447,459,346,Doku,13,3,3.0,51.4,62,0.2,0.11,0.25,0.29,0.0,0.0,0.0,0.0,0.0,0.0,0.0,0.0,0.0,0.0,0.0,0.0,0.0,0.0,0.0
445,457,344,Carson,13,1,0.0,0.0,40,0.0,0.0,0.0,0.0,100.0,0.0,0.0,0.0,0.0,0.0,0.0,0.0,0.0,0.0,0.0,0.0,0.0,0.0,0.0
444,456,343,Bobb,13,3,0.0,0.0,47,0.0,0.0,0.0,0.0,25.0,0.0,0.0,0.0,0.0,0.0,0.0,0.0,0.0,0.0,0.0,0.0,0.0,0.0,0.0
527,541,407,Lascelles,15,2,0.0,0.0,45,0.0,0.0,0.0,0.0,0.0,0.0,0.0,0.0,0.0,0.0,0.0,0.0,0.0,0.0,0.0,0.0,0.0,0.0,0.0
469,481,672,Simpson-Pusey,13,2,0.0,5.0,40,0.0,0.0,0.0,0.04,100.0,0.0,0.0,0.0,0.0,0.0,0.0,0.0,0.0,0.0,0.0,0.0,0.0,0.0,0.0
484,497,371,Evans,14,2,0.0,0.0,44,0.0,0.0,0.0,0.0,0.0,0.0,0.0,0.0,0.0,0.0,0.0,0.0,0.0,0.0,0.0,0.0,0.0,0.0,0.0
471,483,698,Mubama,13,4,0.0,27.0,45,0.0,0.02,0.0,0.01,100.0,0.0,0.0,0.0,0.0,0.0,0.0,0.0,0.0,0.0,0.0,0.0,0.0,0.0,0.0
494,507,381,McTominay,14,3,0.0,0.0,49,0.0,0.0,0.0,0.0,0.0,0.0,0.0,0.0,0.0,0.0,0.0,0.0,0.0,0.0,0.0,0.0,0.0,0.0,0.0
505,518,648,Wheatley,14,4,0.0,0.0,45,0.0,0.0,0.0,0.0,0.0,0.0,0.0,0.0,0.0,0.0,0.0,0.0,0.0,0.0,0.0,0.0,0.0,0.0,0.0
499,512,387,Shaw,14,2,0.0,0.0,49,0.0,0.0,0.0,0.0,0.0,0.0,0.0,0.0,0.0,0.0,0.0,0.0,0.0,0.0,0.0,0.0,0.0,0.0,0.0
507,520,667,Fletcher,14,3,0.0,0.0,45,0.0,0.0,0.0,0.0,100.0,0.0,0.0,0.0,0.0,0.0,0.0,0.0,0.0,0.0,0.0,0.0,0.0,0.0,0.0
498,511,385,Rashford,14,3,0.0,31.0,66,0.0,0.02,0.04,0.0,100.0,0.0,0.0,0.0,0.0,0.0,0.0,0.0,0.0,0.0,0.0,0.0,0.0,0.0,0.0
497,510,384,Pellistri,14,3,0.0,0.0,50,0.0,0.0,0.0,0.0,0.0,0.0,0.0,0.0,0.0,0.0,0.0,0.0,0.0,0.0,0.0,0.0,0.0,0.0,0.0
508,521,670,Amass,14,2,0.0,0.0,40,0.0,0.0,0.0,0.0,100.0,0.0,0.0,0.0,0.0,0.0,0.0,0.0,0.0,0.0,0.0,0.0,0.0,0.0,0.0
509,522,673,Fitzgerald,14,3,0.0,0.0,45,0.0,0.0,0.0,0.0,100.0,0.0,0.0,0.0,0.0,0.0,0.0,0.0,0.0,0.0,0.0,0.0,0.0,0.0,0.0
510,523,691,Kukonki,14,2,0.0,0.0,40,0.0,0.0,0.0,0.0,100.0,0.0,0.0,0.0,0.0,0.0,0.0,0.0,0.0,0.0,0.0,0.0,0.0,0.0,0.0
511,525,390,A.Murphy,15,2,0.0,0.0,40,0.0,0.0,0.0,0.0,0.0,0.0,0.0,0.0,0.0,0.0,0.0,0.0,0.0,0.0,0.0,0.0,0.0,0.0,0.0
495,508,382,Mount,14,3,1.0,13.5,63,0.0,0.0,0.01,0.0,0.0,0.0,0.0,0.0,0.0,0.0,0.0,0.0,0.0,0.0,0.0,0.0,0.0,0.0,0.0
512,526,391,Almirón,15,3,0.0,12.0,54,0.0,0.02,0.01,0.32,100.0,0.0,0.0,0.0,0.0,0.0,0.0,0.0,0.0,0.0,0.0,0.0,0.0,0.0,0.0
513,527,392,Barnes,15,3,1.0,25.5,59,0.0,0.14,0.1,0.36,0.0,0.0,0.0,0.0,0.0,0.0,0.0,0.0,0.0,0.0,0.0,0.0,0.0,0.0,0.0
492,505,379,Malacia,14,2,1.0,27.0,44,0.0,0.0,0.0,0.39,100.0,0.0,0.0,0.0,0.0,0.0,0.0,0.0,0.0,0.0,0.0,0.0,0.0,0.0,0.0
472,484,703,Alleyne,13,2,0.0,0.0,40,0.0,0.0,0.0,0.0,100.0,0.0,0.0,0.0,0.0,0.0,0.0,0.0,0.0,0.0,0.0,0.0,0.0,0.0,0.0
489,502,376,Lindelof,14,2,0.0,1.0,43,0.0,0.0,0.0,0.0,100.0,0.0,0.0,0.0,0.0,0.0,0.0,0.0,0.0,0.0,0.0,0.0,0.0,0.0,0.0
487,500,374,Heaton,14,1,0.0,0.0,39,0.0,0.0,0.0,0.0,100.0,0.0,0.0,0.0,0.0,0.0,0.0,0.0,0.0,0.0,0.0,0.0,0.0,0.0,0.0
486,499,373,Hannibal,14,3,0.0,0.0,45,0.0,0.0,0.0,0.0,0.0,0.0,0.0,0.0,0.0,0.0,0.0,0.0,0.0,0.0,0.0,0.0,0.0,0.0,0.0
483,496,370,Eriksen,14,3,1.0,41.33,53,0.0,0.0,0.24,0.92,100.0,0.0,0.0,0.0,0.0,0.0,0.0,0.0,0.0,0.0,0.0,0.0,0.0,0.0,0.0
481,494,368,Casemiro,14,3,1.0,45.0,47,0.0,0.03,0.04,1.36,100.0,0.0,0.0,0.0,0.0,0.0,0.0,0.0,0.0,0.0,0.0,0.0,0.0,0.0,0.0
480,493,367,Bayindir,14,1,0.0,0.0,43,0.0,0.0,0.0,0.0,100.0,0.0,0.0,0.0,0.0,0.0,0.0,0.0,0.0,0.0,0.0,0.0,0.0,0.0,0.0
478,491,365,Antony,14,3,0.0,19.4,57,0.0,0.04,0.02,0.18,0.0,0.0,0.0,0.0,0.0,0.0,0.0,0.0,0.0,0.0,0.0,0.0,0.0,0.0,0.0
476,489,755,Marmoush,13,4,1.0,73.0,70,0.0,0.08,0.04,1.38,100.0,0.0,0.0,0.0,0.0,0.0,0.0,0.0,0.0,0.0,0.0,0.0,0.0,0.0,0.0
475,487,733,Vitor Reis,13,2,0.0,0.0,45,0.0,0.0,0.0,0.0,100.0,0.0,0.0,0.0,0.0,0.0,0.0,0.0,0.0,0.0,0.0,0.0,0.0,0.0,0.0
474,486,732,Khusanov,13,2,1.0,53.0,50,0.0,0.01,0.0,1.34,100.0,0.0,0.0,0.0,0.0,0.0,0.0,0.0,0.0,0.0,0.0,0.0,0.0,0.0,0.0
473,485,704,Brits,13,1,0.0,0.0,40,0.0,0.0,0.0,0.0,100.0,0.0,0.0,0.0,0.0,0.0,0.0,0.0,0.0,0.0,0.0,0.0,0.0,0.0,0.0
520,534,400,Hayden,15,3,0.0,0.0,44,0.0,0.0,0.0,0.0,0.0,0.0,0.0,0.0,0.0,0.0,0.0,0.0,0.0,0.0,0.0,0.0,0.0,0.0,0.0
528,542,408,Lewis,15,2,0.0,0.0,40,0.0,0.0,0.0,0.0,0.0,0.0,0.0,0.0,0.0,0.0,0.0,0.0,0.0,0.0,0.0,0.0,0.0,0.0,0.0
584,600,451,Amo-Ameyaw,17,3,0.0,17.0,44,0.0,0.0,0.0,0.56,100.0,0.0,0.0,0.0,0.0,0.0,0.0,0.0,0.0,0.0,0.0,0.0,0.0,0.0,0.0
530,544,410,Longstaff,15,3,1.0,25.8,46,0.0,0.01,0.0,0.39,100.0,0.0,0.0,0.0,0.0,0.0,0.0,0.0,0.0,0.0,0.0,0.0,0.0,0.0,0.0
671,689,519,Earthy,19,3,0.0,0.0,45,0.0,0.0,0.0,0.0,0.0,0.0,0.0,0.0,0.0,0.0,0.0,0.0,0.0,0.0,0.0,0.0,0.0,0.0,0.0
660,677,700,King,18,2,0.0,0.0,40,0.0,0.0,0.0,0.0,100.0,0.0,0.0,0.0,0.0,0.0,0.0,0.0,0.0,0.0,0.0,0.0,0.0,0.0,0.0
662,679,717,Yang,18,3,0.0,0.0,45,0.0,0.0,0.0,0.0,100.0,0.0,0.0,0.0,0.0,0.0,0.0,0.0,0.0,0.0,0.0,0.0,0.0,0.0,0.0
663,680,729,Ajayi,18,3,0.0,0.0,45,0.0,0.0,0.0,0.0,100.0,0.0,0.0,0.0,0.0,0.0,0.0,0.0,0.0,0.0,0.0,0.0,0.0,0.0,0.0
666,684,512,Antonio,19,4,0.0,0.0,53,0.0,0.0,0.0,0.0,0.0,0.0,0.0,0.0,0.0,0.0,0.0,0.0,0.0,0.0,0.0,0.0,0.0,0.0,0.0
668,686,514,Bowen,19,3,5.0,83.8,73,0.8,0.39,0.26,1.51,50.0,0.0,0.0,0.0,0.0,0.0,0.0,0.0,0.0,0.0,0.0,0.0,0.0,0.0,0.0
670,688,517,Cresswell,19,2,2.0,35.6,39,0.0,0.0,0.04,0.45,100.0,0.0,0.0,0.0,0.0,0.0,0.0,0.0,0.0,0.0,0.0,0.0,0.0,0.0,0.0
674,692,522,Foderingham,19,1,0.0,0.0,43,0.0,0.0,0.0,0.0,100.0,0.0,0.0,0.0,0.0,0.0,0.0,0.0,0.0,0.0,0.0,0.0,0.0,0.0,0.0
688,706,591,Todibo,19,2,1.0,43.0,42,0.2,0.0,0.0,0.94,0.0,0.0,0.0,0.0,0.0,0.0,0.0,0.0,0.0,0.0,0.0,0.0,0.0,0.0,0.0
675,693,523,Ings,19,4,0.0,19.2,50,0.0,0.02,0.1,0.46,100.0,0.0,0.0,0.0,0.0,0.0,0.0,0.0,0.0,0.0,0.0,0.0,0.0,0.0,0.0
678,696,526,L.Guilherme,19,3,0.0,11.33,46,0.0,0.0,0.02,0.54,100.0,0.0,0.0,0.0,0.0,0.0,0.0,0.0,0.0,0.0,0.0,0.0,0.0,0.0,0.0
681,699,529,N.Aguerd,19,2,0.0,0.0,44,0.0,0.0,0.0,0.0,0.0,0.0,0.0,0.0,0.0,0.0,0.0,0.0,0.0,0.0,0.0,0.0,0.0,0.0,0.0
683,701,532,Zouma,19,2,0.0,0.0,44,0.0,0.0,0.0,0.0,0.0,0.0,0.0,0.0,0.0,0.0,0.0,0.0,0.0,0.0,0.0,0.0,0.0,0.0,0.0
684,702,576,Irving,19,3,0.0,12.0,48,0.0,0.01,0.0,0.59,100.0,0.0,0.0,0.0,0.0,0.0,0.0,0.0,0.0,0.0,0.0,0.0,0.0,0.0,0.0
685,703,587,Summerville,19,3,2.0,43.67,56,0.0,0.04,0.04,1.06,50.0,0.0,0.0,0.0,0.0,0.0,0.0,0.0,0.0,0.0,0.0,0.0,0.0,0.0,0.0
659,676,699,Dorrington,18,2,0.0,13.0,40,0.0,0.0,0.0,0.02,0.0,0.0,0.0,0.0,0.0,0.0,0.0,0.0,0.0,0.0,0.0,0.0,0.0,0.0,0.0
658,675,689,Williams-Barnett,18,3,0.0,0.0,45,0.0,0.0,0.0,0.0,0.0,0.0,0.0,0.0,0.0,0.0,0.0,0.0,0.0,0.0,0.0,0.0,0.0,0.0,0.0
657,674,684,Hardy,18,2,0.0,0.0,40,0.0,0.0,0.0,0.0,100.0,0.0,0.0,0.0,0.0,0.0,0.0,0.0,0.0,0.0,0.0,0.0,0.0,0.0,0.0
656,673,683,Olusesi,18,3,0.0,0.0,45,0.0,0.0,0.0,0.0,100.0,0.0,0.0,0.0,0.0,0.0,0.0,0.0,0.0,0.0,0.0,0.0,0.0,0.0,0.0
655,672,612,Odobert,18,3,0.0,0.0,53,0.0,0.0,0.0,0.0,0.0,0.0,0.0,0.0,0.0,0.0,0.0,0.0,0.0,0.0,0.0,0.0,0.0,0.0,0.0
654,671,610,Moore,18,3,0.0,26.5,45,0.0,0.04,0.6,0.0,100.0,0.0,0.0,0.0,0.0,0.0,0.0,0.0,0.0,0.0,0.0,0.0,0.0,0.0,0.0
653,670,609,Lankshear,18,4,0.0,4.5,45,0.0,0.0,0.0,0.0,100.0,0.0,0.0,0.0,0.0,0.0,0.0,0.0,0.0,0.0,0.0,0.0,0.0,0.0,0.0
652,669,510,Whiteman,18,1,0.0,0.0,39,0.0,0.0,0.0,0.0,100.0,0.0,0.0,0.0,0.0,0.0,0.0,0.0,0.0,0.0,0.0,0.0,0.0,0.0,0.0
651,668,509,Werner,18,3,1.0,25.67,62,0.0,0.0,0.04,1.0,0.0,0.0,0.0,0.0,0.0,0.0,0.0,0.0,0.0,0.0,0.0,0.0,0.0,0.0,0.0
650,667,508,Vicario,18,1,0.0,0.0,48,0.0,0.0,0.0,0.0,0.0,0.0,0.0,0.0,0.0,0.0,0.0,0.0,0.0,0.0,0.0,0.0,0.0,0.0,0.0
649,666,507,Veliz,18,4,0.0,0.0,50,0.0,0.0,0.0,0.0,0.0,0.0,0.0,0.0,0.0,0.0,0.0,0.0,0.0,0.0,0.0,0.0,0.0,0.0,0.0
648,665,506,Van de Ven,18,2,1.0,78.0,45,0.0,0.07,0.0,2.52,50.0,0.0,0.0,0.0,0.0,0.0,0.0,0.0,0.0,0.0,0.0,0.0,0.0,0.0,0.0
647,664,505,Udogie,18,2,4.0,61.5,48,0.0,0.0,0.01,1.28,0.0,0.0,0.0,0.0,0.0,0.0,0.0,0.0,0.0,0.0,0.0,0.0,0.0,0.0,0.0
644,661,502,Solomon,18,3,0.0,0.0,54,0.0,0.0,0.0,0.0,0.0,0.0,0.0,0.0,0.0,0.0,0.0,0.0,0.0,0.0,0.0,0.0,0.0,0.0,0.0
643,660,500,Scarlett,18,4,0.0,0.0,45,0.0,0.0,0.0,0.0,0.0,0.0,0.0,0.0,0.0,0.0,0.0,0.0,0.0,0.0,0.0,0.0,0.0,0.0,0.0
641,658,498,Romero,18,2,1.0,14.0,49,0.0,0.0,0.0,0.11,50.0,0.0,0.0,0.0,0.0,0.0,0.0,0.0,0.0,0.0,0.0,0.0,0.0,0.0,0.0
640,657,497,Richarlison,18,4,1.0,36.67,68,0.0,0.48,0.02,0.7,75.0,0.0,0.0,0.0,0.0,0.0,0.0,0.0,0.0,0.0,0.0,0.0,0.0,0.0,0.0
687,705,589,Füllkrug,19,4,3.0,58.4,67,0.0,0.17,0.12,1.36,0.0,0.0,0.0,0.0,0.0,0.0,0.0,0.0,0.0,0.0,0.0,0.0,0.0,0.0,0.0
689,707,643,Casey,19,2,0.0,1.0,40,0.0,0.0,0.0,0.04,100.0,0.0,0.0,0.0,0.0,0.0,0.0,0.0,0.0,0.0,0.0,0.0,0.0,0.0,0.0
531,545,411,Miley,15,3,0.0,7.25,50,0.0,0.0,0.0,0.11,100.0,0.0,0.0,0.0,0.0,0.0,0.0,0.0,0.0,0.0,0.0,0.0,0.0,0.0,0.0
722,741,561,Pedro Lima,20,2,1.0,58.0,39,0.0,0.0,0.04,1.36,100.0,0.0,0.0,0.0,0.0,0.0,0.0,0.0,0.0,0.0,0.0,0.0,0.0,0.0,0.0
714,733,552,Hoever,20,2,0.0,0.0,40,0.0,0.0,0.0,0.0,0.0,0.0,0.0,0.0,0.0,0.0,0.0,0.0,0.0,0.0,0.0,0.0,0.0,0.0,0.0
715,734,553,J.Gomes,20,3,8.0,82.62,49,0.25,0.06,0.08,1.64,0.0,0.0,0.0,0.0,0.0,0.0,0.0,0.0,0.0,0.0,0.0,0.0,0.0,0.0,0.0
717,736,555,Kalajdžić,20,4,0.0,0.0,48,0.0,0.0,0.0,0.0,0.0,0.0,0.0,0.0,0.0,0.0,0.0,0.0,0.0,0.0,0.0,0.0,0.0,0.0,0.0
718,737,556,King,20,1,0.0,0.0,40,0.0,0.0,0.0,0.0,100.0,0.0,0.0,0.0,0.0,0.0,0.0,0.0,0.0,0.0,0.0,0.0,0.0,0.0,0.0
719,738,557,Mario Jr.,20,3,2.0,70.33,48,0.0,0.06,0.02,1.45,100.0,0.0,0.0,0.0,0.0,0.0,0.0,0.0,0.0,0.0,0.0,0.0,0.0,0.0,0.0
720,739,558,Mosquera,20,2,0.0,0.0,39,0.0,0.0,0.0,0.0,0.0,0.0,0.0,0.0,0.0,0.0,0.0,0.0,0.0,0.0,0.0,0.0,0.0,0.0,0.0
723,742,562,Podence,20,3,0.0,0.0,55,0.0,0.0,0.0,0.0,0.0,0.0,0.0,0.0,0.0,0.0,0.0,0.0,0.0,0.0,0.0,0.0,0.0,0.0,0.0
691,709,677,Scarles,19,2,0.0,18.4,40,0.0,0.0,0.0,0.5,100.0,0.0,0.0,0.0,0.0,0.0,0.0,0.0,0.0,0.0,0.0,0.0,0.0,0.0,0.0
726,745,565,Sarabia,20,3,2.0,41.5,50,0.0,0.11,0.02,1.27,100.0,0.0,0.0,0.0,0.0,0.0,0.0,0.0,0.0,0.0,0.0,0.0,0.0,0.0,0.0
729,748,637,Meupiyou,20,2,0.0,0.0,39,0.0,0.0,0.0,0.0,100.0,0.0,0.0,0.0,0.0,0.0,0.0,0.0,0.0,0.0,0.0,0.0,0.0,0.0,0.0
731,750,655,Forbs,20,3,0.0,9.33,55,0.0,0.01,0.0,0.54,75.0,0.0,0.0,0.0,0.0,0.0,0.0,0.0,0.0,0.0,0.0,0.0,0.0,0.0,0.0
732,751,664,Pond,20,2,0.0,0.0,39,0.0,0.0,0.0,0.0,100.0,0.0,0.0,0.0,0.0,0.0,0.0,0.0,0.0,0.0,0.0,0.0,0.0,0.0,0.0
733,752,682,Edozie,20,3,0.0,0.0,45,0.0,0.0,0.0,0.0,100.0,0.0,0.0,0.0,0.0,0.0,0.0,0.0,0.0,0.0,0.0,0.0,0.0,0.0,0.0
734,753,711,Okoduwa,20,2,0.0,0.0,40,0.0,0.0,0.0,0.0,100.0,0.0,0.0,0.0,0.0,0.0,0.0,0.0,0.0,0.0,0.0,0.0,0.0,0.0,0.0
713,732,551,Hodge,20,3,0.0,0.0,45,0.0,0.0,0.0,0.0,0.0,0.0,0.0,0.0,0.0,0.0,0.0,0.0,0.0,0.0,0.0,0.0,0.0,0.0,0.0
711,730,549,H.Bueno,20,2,0.0,0.0,45,0.0,0.0,0.0,0.0,0.0,0.0,0.0,0.0,0.0,0.0,0.0,0.0,0.0,0.0,0.0,0.0,0.0,0.0,0.0
709,728,547,Gonzalez,20,3,0.0,0.0,44,0.0,0.0,0.0,0.0,0.0,0.0,0.0,0.0,0.0,0.0,0.0,0.0,0.0,0.0,0.0,0.0,0.0,0.0,0.0
708,727,546,Fraser,20,4,0.0,0.0,45,0.0,0.0,0.0,0.0,0.0,0.0,0.0,0.0,0.0,0.0,0.0,0.0,0.0,0.0,0.0,0.0,0.0,0.0,0.0
707,726,545,Fábio Silva,20,4,0.0,0.0,50,0.0,0.0,0.0,0.0,0.0,0.0,0.0,0.0,0.0,0.0,0.0,0.0,0.0,0.0,0.0,0.0,0.0,0.0,0.0
706,725,544,Doyle,20,3,1.0,20.75,48,0.0,0.01,0.01,0.37,100.0,0.0,0.0,0.0,0.0,0.0,0.0,0.0,0.0,0.0,0.0,0.0,0.0,0.0,0.0
704,723,542,Dawson,20,2,1.0,28.33,43,0.0,0.01,0.0,0.64,100.0,0.0,0.0,0.0,0.0,0.0,0.0,0.0,0.0,0.0,0.0,0.0,0.0,0.0,0.0
702,721,540,Cundle,20,3,0.0,0.0,45,0.0,0.0,0.0,0.0,100.0,0.0,0.0,0.0,0.0,0.0,0.0,0.0,0.0,0.0,0.0,0.0,0.0,0.0,0.0
701,720,539,Chiwome,20,4,0.0,0.0,45,0.0,0.0,0.0,0.0,100.0,0.0,0.0,0.0,0.0,0.0,0.0,0.0,0.0,0.0,0.0,0.0,0.0,0.0,0.0
700,719,538,Chirewa,20,3,0.0,0.0,45,0.0,0.0,0.0,0.0,0.0,0.0,0.0,0.0,0.0,0.0,0.0,0.0,0.0,0.0,0.0,0.0,0.0,0.0,0.0
699,718,537,Chiquinho,20,3,0.0,0.0,45,0.0,0.0,0.0,0.0,0.0,0.0,0.0,0.0,0.0,0.0,0.0,0.0,0.0,0.0,0.0,0.0,0.0,0.0,0.0
698,717,536,Bentley,20,1,0.0,0.0,39,0.0,0.0,0.0,0.0,100.0,0.0,0.0,0.0,0.0,0.0,0.0,0.0,0.0,0.0,0.0,0.0,0.0,0.0,0.0
697,716,535,Bellegarde,20,3,2.0,25.44,49,0.0,0.02,0.02,0.61,100.0,0.0,0.0,0.0,0.0,0.0,0.0,0.0,0.0,0.0,0.0,0.0,0.0,0.0,0.0
696,715,534,B.Traore,20,3,0.0,0.0,48,0.0,0.0,0.0,0.0,25.0,0.0,0.0,0.0,0.0,0.0,0.0,0.0,0.0,0.0,0.0,0.0,0.0,0.0,0.0
694,713,204,Johnstone,20,1,2.0,90.0,42,0.0,0.0,0.0,1.55,100.0,0.0,0.0,0.0,0.0,0.0,0.0,0.0,0.0,0.0,0.0,0.0,0.0,0.0,0.0
693,711,701,Orford,19,3,0.0,34.0,45,0.0,0.02,0.01,1.02,100.0,0.0,0.0,0.0,0.0,0.0,0.0,0.0,0.0,0.0,0.0,0.0,0.0,0.0,0.0
692,710,686,Mayers,19,2,0.0,0.0,40,0.0,0.0,0.0,0.0,100.0,0.0,0.0,0.0,0.0,0.0,0.0,0.0,0.0,0.0,0.0,0.0,0.0,0.0,0.0
639,656,496,Reguilón,18,2,0.0,40.33,42,0.0,0.01,0.04,0.36,100.0,0.0,0.0,0.0,0.0,0.0,0.0,0.0,0.0,0.0,0.0,0.0,0.0,0.0,0.0
636,653,493,Lo Celso,18,3,0.0,0.0,49,0.0,0.0,0.0,0.0,0.0,0.0,0.0,0.0,0.0,0.0,0.0,0.0,0.0,0.0,0.0,0.0,0.0,0.0,0.0
634,651,491,Johnson,18,3,4.0,59.57,63,0.29,0.17,0.18,1.05,0.0,0.0,0.0,0.0,0.0,0.0,0.0,0.0,0.0,0.0,0.0,0.0,0.0,0.0,0.0
565,580,442,Sangaré,16,3,0.0,0.0,43,0.0,0.0,0.0,0.0,0.0,0.0,0.0,0.0,0.0,0.0,0.0,0.0,0.0,0.0,0.0,0.0,0.0,0.0,0.0
553,568,430,Dennis,16,4,0.0,0.0,49,0.0,0.0,0.0,0.0,100.0,0.0,0.0,0.0,0.0,0.0,0.0,0.0,0.0,0.0,0.0,0.0,0.0,0.0,0.0
558,573,435,Mighten,16,3,0.0,0.0,45,0.0,0.0,0.0,0.0,0.0,0.0,0.0,0.0,0.0,0.0,0.0,0.0,0.0,0.0,0.0,0.0,0.0,0.0,0.0
561,576,438,O.Richards,16,2,0.0,0.0,45,0.0,0.0,0.0,0.0,0.0,0.0,0.0,0.0,0.0,0.0,0.0,0.0,0.0,0.0,0.0,0.0,0.0,0.0,0.0
562,577,439,O'Brien,16,3,0.0,0.0,50,0.0,0.0,0.0,0.0,0.0,0.0,0.0,0.0,0.0,0.0,0.0,0.0,0.0,0.0,0.0,0.0,0.0,0.0,0.0
563,578,440,Omobamidele,16,2,0.0,0.0,42,0.0,0.0,0.0,0.0,0.0,0.0,0.0,0.0,0.0,0.0,0.0,0.0,0.0,0.0,0.0,0.0,0.0,0.0,0.0
564,579,441,Panzo,16,2,0.0,0.0,40,0.0,0.0,0.0,0.0,0.0,0.0,0.0,0.0,0.0,0.0,0.0,0.0,0.0,0.0,0.0,0.0,0.0,0.0,0.0
567,582,444,Toffolo,16,2,0.0,4.5,42,0.0,0.0,0.0,0.02,100.0,0.0,0.0,0.0,0.0,0.0,0.0,0.0,0.0,0.0,0.0,0.0,0.0,0.0,0.0
633,650,490,Højbjerg,18,3,0.0,0.0,50,0.0,0.0,0.0,0.0,0.0,0.0,0.0,0.0,0.0,0.0,0.0,0.0,0.0,0.0,0.0,0.0,0.0,0.0,0.0
568,583,446,Ui-jo,16,4,0.0,0.0,45,0.0,0.0,0.0,0.0,0.0,0.0,0.0,0.0,0.0,0.0,0.0,0.0,0.0,0.0,0.0,0.0,0.0,0.0,0.0
570,585,448,Worrall,16,2,0.0,0.0,45,0.0,0.0,0.0,0.0,0.0,0.0,0.0,0.0,0.0,0.0,0.0,0.0,0.0,0.0,0.0,0.0,0.0,0.0,0.0
572,587,531,Ward-Prowse,16,3,0.0,6.0,61,0.0,0.0,0.23,0.02,100.0,0.0,0.0,0.0,0.0,0.0,0.0,0.0,0.0,0.0,0.0,0.0,0.0,0.0,0.0
574,589,596,Jota Silva,16,3,2.0,30.11,59,0.0,0.03,0.04,0.59,100.0,0.0,0.0,0.0,0.0,0.0,0.0,0.0,0.0,0.0,0.0,0.0,0.0,0.0,0.0
575,590,620,Sosa,16,3,1.0,22.25,55,0.0,0.03,0.0,0.58,100.0,0.0,0.0,0.0,0.0,0.0,0.0,0.0,0.0,0.0,0.0,0.0,0.0,0.0,0.0
576,591,653,Morato,16,2,2.0,34.56,45,0.22,0.01,0.0,0.35,100.0,0.0,0.0,0.0,0.0,0.0,0.0,0.0,0.0,0.0,0.0,0.0,0.0,0.0,0.0
552,567,429,Danilo,16,3,0.0,0.0,47,0.0,0.0,0.0,0.0,100.0,0.0,0.0,0.0,0.0,0.0,0.0,0.0,0.0,0.0,0.0,0.0,0.0,0.0,0.0
551,566,428,Da Silva Moreira,16,3,0.0,0.0,44,0.0,0.0,0.0,0.0,100.0,0.0,0.0,0.0,0.0,0.0,0.0,0.0,0.0,0.0,0.0,0.0,0.0,0.0,0.0
550,565,427,C.Miguel,16,1,0.0,0.0,42,0.0,0.0,0.0,0.0,100.0,0.0,0.0,0.0,0.0,0.0,0.0,0.0,0.0,0.0,0.0,0.0,0.0,0.0,0.0
549,564,426,Bowler,16,3,0.0,0.0,45,0.0,0.0,0.0,0.0,0.0,0.0,0.0,0.0,0.0,0.0,0.0,0.0,0.0,0.0,0.0,0.0,0.0,0.0,0.0
548,563,425,Boly,16,2,0.0,11.0,42,0.0,0.0,0.0,0.12,100.0,0.0,0.0,0.0,0.0,0.0,0.0,0.0,0.0,0.0,0.0,0.0,0.0,0.0,0.0
547,562,424,Awoniyi,16,4,0.0,5.0,55,0.0,0.14,0.0,0.29,100.0,0.0,0.0,0.0,0.0,0.0,0.0,0.0,0.0,0.0,0.0,0.0,0.0,0.0,0.0
544,559,26,Alex Moreno,16,2,0.0,12.5,43,0.0,0.0,0.0,0.71,100.0,0.0,0.0,0.0,0.0,0.0,0.0,0.0,0.0,0.0,0.0,0.0,0.0,0.0,0.0
543,557,590,Osula,15,4,0.0,7.75,49,0.0,0.0,0.0,0.38,100.0,0.0,0.0,0.0,0.0,0.0,0.0,0.0,0.0,0.0,0.0,0.0,0.0,0.0,0.0
542,556,574,Pivas,15,2,0.0,0.0,40,0.0,0.0,0.0,0.0,0.0,0.0,0.0,0.0,0.0,0.0,0.0,0.0,0.0,0.0,0.0,0.0,0.0,0.0,0.0
541,555,421,Wilson,15,4,0.0,17.0,69,0.0,0.0,0.0,0.83,0.0,0.0,0.0,0.0,0.0,0.0,0.0,0.0,0.0,0.0,0.0,0.0,0.0,0.0,0.0
540,554,420,Willock,15,3,1.0,17.5,47,0.0,0.02,0.01,0.28,100.0,0.0,0.0,0.0,0.0,0.0,0.0,0.0,0.0,0.0,0.0,0.0,0.0,0.0,0.0
539,553,419,White,15,3,0.0,0.0,45,0.0,0.0,0.0,0.0,0.0,0.0,0.0,0.0,0.0,0.0,0.0,0.0,0.0,0.0,0.0,0.0,0.0,0.0,0.0
538,552,418,Trippier,15,2,2.0,31.71,56,0.0,0.0,0.02,0.38,100.0,0.0,0.0,0.0,0.0,0.0,0.0,0.0,0.0,0.0,0.0,0.0,0.0,0.0,0.0
536,550,416,Targett,15,2,0.0,12.0,40,0.0,0.0,0.0,0.1,100.0,0.0,0.0,0.0,0.0,0.0,0.0,0.0,0.0,0.0,0.0,0.0,0.0,0.0,0.0
534,548,414,Ruddy,15,1,0.0,0.0,39,0.0,0.0,0.0,0.0,100.0,0.0,0.0,0.0,0.0,0.0,0.0,0.0,0.0,0.0,0.0,0.0,0.0,0.0,0.0
533,547,413,Pope,15,1,1.0,90.0,49,0.0,0.0,0.0,2.62,100.0,0.0,0.0,0.0,0.0,0.0,0.0,0.0,0.0,0.0,0.0,0.0,0.0,0.0,0.0
532,546,412,Odysseas,15,1,0.0,0.0,43,0.0,0.0,0.0,0.0,100.0,0.0,0.0,0.0,0.0,0.0,0.0,0.0,0.0,0.0,0.0,0.0,0.0,0.0,0.0
577,592,706,Abbott,16,2,0.0,0.0,40,0.0,0.0,0.0,0.0,100.0,0.0,0.0,0.0,0.0,0.0,0.0,0.0,0.0,0.0,0.0,0.0,0.0,0.0,0.0
578,593,721,Hennessey,16,1,0.0,0.0,40,0.0,0.0,0.0,0.0,100.0,0.0,0.0,0.0,0.0,0.0,0.0,0.0,0.0,0.0,0.0,0.0,0.0,0.0,0.0
580,596,27,Archer,17,4,2.0,38.86,50,0.0,0.02,0.03,1.1,100.0,0.0,0.0,0.0,0.0,0.0,0.0,0.0,0.0,0.0,0.0,0.0,0.0,0.0,0.0
608,624,475,Taylor,17,2,0.0,45.0,39,0.0,0.0,0.0,3.6,100.0,0.0,0.0,0.0,0.0,0.0,0.0,0.0,0.0,0.0,0.0,0.0,0.0,0.0,0.0
630,647,487,E.Royal,18,2,0.0,0.0,45,0.0,0.0,0.0,0.0,0.0,0.0,0.0,0.0,0.0,0.0,0.0,0.0,0.0,0.0,0.0,0.0,0.0,0.0,0.0
628,645,485,Devine,18,3,0.0,0.0,45,0.0,0.0,0.0,0.0,0.0,0.0,0.0,0.0,0.0,0.0,0.0,0.0,0.0,0.0,0.0,0.0,0.0,0.0,0.0
627,644,484,Davies,18,2,2.0,90.0,43,0.0,0.02,0.04,2.13,100.0,0.0,0.0,0.0,0.0,0.0,0.0,0.0,0.0,0.0,0.0,0.0,0.0,0.0,0.0
626,643,483,Bryan,18,3,0.0,0.0,50,0.0,0.0,0.0,0.0,0.0,0.0,0.0,0.0,0.0,0.0,0.0,0.0,0.0,0.0,0.0,0.0,0.0,0.0,0.0
622,639,479,Austin,18,1,1.0,90.0,40,0.0,0.0,0.0,2.26,100.0,0.0,0.0,0.0,0.0,0.0,0.0,0.0,0.0,0.0,0.0,0.0,0.0,0.0,0.0
621,638,478,A.Phillips,18,2,0.0,0.0,40,0.0,0.0,0.0,0.0,0.0,0.0,0.0,0.0,0.0,0.0,0.0,0.0,0.0,0.0,0.0,0.0,0.0,0.0,0.0
620,637,82,Solanke,18,4,7.0,88.71,74,0.43,0.41,0.17,2.22,0.0,0.0,0.0,0.0,0.0,0.0,0.0,0.0,0.0,0.0,0.0,0.0,0.0,0.0,0.0
619,635,734,Grønbæk,17,3,0.0,0.0,50,0.0,0.0,0.0,0.0,100.0,0.0,0.0,0.0,0.0,0.0,0.0,0.0,0.0,0.0,0.0,0.0,0.0,0.0,0.0
618,634,719,Kayi Sanda,17,2,0.0,0.0,40,0.0,0.0,0.0,0.0,100.0,0.0,0.0,0.0,0.0,0.0,0.0,0.0,0.0,0.0,0.0,0.0,0.0,0.0,0.0
617,633,718,Welington,17,2,0.0,0.0,40,0.0,0.0,0.0,0.0,100.0,0.0,0.0,0.0,0.0,0.0,0.0,0.0,0.0,0.0,0.0,0.0,0.0,0.0,0.0
616,632,693,O'Brien-Whitmarsh,17,3,0.0,0.0,45,0.0,0.0,0.0,0.0,100.0,0.0,0.0,0.0,0.0,0.0,0.0,0.0,0.0,0.0,0.0,0.0,0.0,0.0,0.0
614,630,608,Dibling,17,3,6.0,68.43,45,0.14,0.15,0.09,1.85,0.0,0.0,0.0,0.0,0.0,0.0,0.0,0.0,0.0,0.0,0.0,0.0,0.0,0.0,0.0
613,629,584,Brereton Díaz,17,3,0.0,11.0,48,0.0,0.0,0.0,0.56,0.0,0.0,0.0,0.0,0.0,0.0,0.0,0.0,0.0,0.0,0.0,0.0,0.0,0.0,0.0
611,627,515,Cornet,17,3,0.0,0.0,47,0.0,0.0,0.0,0.0,0.0,0.0,0.0,0.0,0.0,0.0,0.0,0.0,0.0,0.0,0.0,0.0,0.0,0.0,0.0
606,622,473,Stewart,17,4,0.0,0.0,44,0.0,0.0,0.0,0.0,0.0,0.0,0.0,0.0,0.0,0.0,0.0,0.0,0.0,0.0,0.0,0.0,0.0,0.0,0.0
582,598,397,Fraser,17,3,0.0,2.0,48,0.0,0.0,0.0,0.14,100.0,0.0,0.0,0.0,0.0,0.0,0.0,0.0,0.0,0.0,0.0,0.0,0.0,0.0,0.0
605,621,472,Stephens,17,2,0.0,0.0,40,0.0,0.0,0.0,0.0,50.0,0.0,0.0,0.0,0.0,0.0,0.0,0.0,0.0,0.0,0.0,0.0,0.0,0.0,0.0
604,620,471,Smallbone,17,3,0.0,14.0,50,0.0,0.0,0.0,0.86,100.0,0.0,0.0,0.0,0.0,0.0,0.0,0.0,0.0,0.0,0.0,0.0,0.0,0.0,0.0
602,618,469,McCarthy,17,1,2.0,90.0,43,0.0,0.0,0.0,3.34,100.0,0.0,0.0,0.0,0.0,0.0,0.0,0.0,0.0,0.0,0.0,0.0,0.0,0.0,0.0
601,617,468,Mara,17,4,0.0,0.0,50,0.0,0.0,0.0,0.0,0.0,0.0,0.0,0.0,0.0,0.0,0.0,0.0,0.0,0.0,0.0,0.0,0.0,0.0,0.0
599,615,466,Lumley,17,1,1.0,90.0,40,0.0,0.0,0.0,1.64,100.0,0.0,0.0,0.0,0.0,0.0,0.0,0.0,0.0,0.0,0.0,0.0,0.0,0.0,0.0
598,614,465,Lis,17,1,0.0,0.0,40,0.0,0.0,0.0,0.0,0.0,0.0,0.0,0.0,0.0,0.0,0.0,0.0,0.0,0.0,0.0,0.0,0.0,0.0,0.0
597,613,464,Larios,17,2,0.0,0.0,39,0.0,0.0,0.0,0.0,0.0,0.0,0.0,0.0,0.0,0.0,0.0,0.0,0.0,0.0,0.0,0.0,0.0,0.0,0.0
596,612,463,Lallana,17,3,0.0,3.0,50,0.0,0.0,0.0,0.42,100.0,0.0,0.0,0.0,0.0,0.0,0.0,0.0,0.0,0.0,0.0,0.0,0.0,0.0,0.0
593,609,460,Edwards,17,2,0.0,0.0,39,0.0,0.0,0.0,0.0,0.0,0.0,0.0,0.0,0.0,0.0,0.0,0.0,0.0,0.0,0.0,0.0,0.0,0.0,0.0
592,608,459,Edozie,17,3,0.0,0.0,49,0.0,0.0,0.0,0.0,0.0,0.0,0.0,0.0,0.0,0.0,0.0,0.0,0.0,0.0,0.0,0.0,0.0,0.0,0.0
591,607,458,Charles,17,3,0.0,0.0,45,0.0,0.0,0.0,0.0,0.0,0.0,0.0,0.0,0.0,0.0,0.0,0.0,0.0,0.0,0.0,0.0,0.0,0.0,0.0
589,605,456,Bella-Kotchap,17,2,0.0,0.0,39,0.0,0.0,0.0,0.0,100.0,0.0,0.0,0.0,0.0,0.0,0.0,0.0,0.0,0.0,0.0,0.0,0.0,0.0,0.0
587,603,454,Bazunu,17,1,0.0,0.0,43,0.0,0.0,0.0,0.0,100.0,0.0,0.0,0.0,0.0,0.0,0.0,0.0,0.0,0.0,0.0,0.0,0.0,0.0,0.0
583,599,450,Alcaraz,17,3,0.0,0.0,49,0.0,0.0,0.0,0.0,0.0,0.0,0.0,0.0,0.0,0.0,0.0,0.0,0.0,0.0,0.0,0.0,0.0,0.0,0.0
442,454,341,Aké,13,2,4.0,75.75,53,0.0,0.01,0.01,0.99,0.0,0.0,0.0,0.0,0.0,0.0,0.0,0.0,0.0,0.0,0.0,0.0,0.0,0.0,0.0
0,0,1,Fábio Vieira,1,3,0.0,0.0,54,0.0,0.0,0.0,0.0,0.0,0.0,0.0,0.0,0.0,0.0,0.0,0.0,0.0,0.0,0.0,0.0,0.0,0.0,0.0
440,451,709,Danns,12,4,0.0,10.0,45,0.0,0.0,0.0,0.72,100.0,0.0,0.0,0.0,0.0,0.0,0.0,0.0,0.0,0.0,0.0,0.0,0.0,0.0,0.0
162,166,128,Igor,5,2,2.0,52.0,44,0.0,0.0,0.0,1.19,0.0,0.0,0.0,0.0,0.0,0.0,0.0,0.0,0.0,0.0,0.0,0.0,0.0,0.0,0.0
141,144,314,Carvalho,4,3,1.0,32.0,46,0.0,0.09,0.0,0.71,100.0,0.0,0.0,0.0,0.0,0.0,0.0,0.0,0.0,0.0,0.0,0.0,0.0,0.0,0.0
143,146,602,Trevitt,4,3,0.0,0.0,44,0.0,0.0,0.0,0.0,100.0,0.0,0.0,0.0,0.0,0.0,0.0,0.0,0.0,0.0,0.0,0.0,0.0,0.0,0.0
144,147,634,G.Nunes,4,3,0.0,0.0,49,0.0,0.0,0.0,0.0,0.0,0.0,0.0,0.0,0.0,0.0,0.0,0.0,0.0,0.0,0.0,0.0,0.0,0.0,0.0
145,148,649,Meghoma,4,2,0.0,4.0,40,0.0,0.0,0.0,0.07,0.0,0.0,0.0,0.0,0.0,0.0,0.0,0.0,0.0,0.0,0.0,0.0,0.0,0.0,0.0
146,149,661,Yogane,4,3,0.0,0.0,45,0.0,0.0,0.0,0.0,0.0,0.0,0.0,0.0,0.0,0.0,0.0,0.0,0.0,0.0,0.0,0.0,0.0,0.0,0.0
147,150,674,Maghoma,4,3,0.0,12.0,45,0.0,0.0,0.0,0.01,100.0,0.0,0.0,0.0,0.0,0.0,0.0,0.0,0.0,0.0,0.0,0.0,0.0,0.0,0.0
148,151,705,Arthur,4,2,0.0,0.0,40,0.0,0.0,0.0,0.0,100.0,0.0,0.0,0.0,0.0,0.0,0.0,0.0,0.0,0.0,0.0,0.0,0.0,0.0,0.0
150,154,114,Baker-Boaitey,5,3,0.0,0.0,45,0.0,0.0,0.0,0.0,0.0,0.0,0.0,0.0,0.0,0.0,0.0,0.0,0.0,0.0,0.0,0.0,0.0,0.0,0.0
152,156,116,Barco,5,2,0.0,0.0,40,0.0,0.0,0.0,0.0,0.0,0.0,0.0,0.0,0.0,0.0,0.0,0.0,0.0,0.0,0.0,0.0,0.0,0.0,0.0
153,157,118,Cozier-Duberry,5,3,0.0,0.0,45,0.0,0.0,0.0,0.0,0.0,0.0,0.0,0.0,0.0,0.0,0.0,0.0,0.0,0.0,0.0,0.0,0.0,0.0,0.0
154,158,119,Dahoud,5,3,0.0,0.0,49,0.0,0.0,0.0,0.0,0.0,0.0,0.0,0.0,0.0,0.0,0.0,0.0,0.0,0.0,0.0,0.0,0.0,0.0,0.0
157,161,123,Ferguson,5,4,1.0,30.67,55,0.0,0.05,0.06,0.48,0.0,0.0,0.0,0.0,0.0,0.0,0.0,0.0,0.0,0.0,0.0,0.0,0.0,0.0,0.0
158,162,124,Gilmour,5,3,0.0,0.0,50,0.0,0.0,0.0,0.0,0.0,0.0,0.0,0.0,0.0,0.0,0.0,0.0,0.0,0.0,0.0,0.0,0.0,0.0,0.0
159,163,125,Gross,5,3,0.0,0.0,65,0.0,0.0,0.0,0.0,0.0,0.0,0.0,0.0,0.0,0.0,0.0,0.0,0.0,0.0,0.0,0.0,0.0,0.0,0.0
160,164,126,Hinshelwood,5,3,0.0,15.0,49,0.0,0.0,0.02,0.02,100.0,0.0,0.0,0.0,0.0,0.0,0.0,0.0,0.0,0.0,0.0,0.0,0.0,0.0,0.0
140,143,112,Zanka,4,2,0.0,0.0,45,0.0,0.0,0.0,0.0,0.0,0.0,0.0,0.0,0.0,0.0,0.0,0.0,0.0,0.0,0.0,0.0,0.0,0.0,0.0
137,140,109,Valdimarsson,4,1,0.0,54.0,39,0.0,0.0,0.0,0.32,100.0,0.0,0.0,0.0,0.0,0.0,0.0,0.0,0.0,0.0,0.0,0.0,0.0,0.0,0.0
136,139,108,Toney,4,4,0.0,0.0,73,0.0,0.0,0.0,0.0,0.0,0.0,0.0,0.0,0.0,0.0,0.0,0.0,0.0,0.0,0.0,0.0,0.0,0.0,0.0
121,124,93,Hickey,4,2,0.0,0.0,43,0.0,0.0,0.0,0.0,0.0,0.0,0.0,0.0,0.0,0.0,0.0,0.0,0.0,0.0,0.0,0.0,0.0,0.0,0.0
112,114,727,McKenna,3,1,0.0,0.0,40,0.0,0.0,0.0,0.0,100.0,0.0,0.0,0.0,0.0,0.0,0.0,0.0,0.0,0.0,0.0,0.0,0.0,0.0,0.0
113,115,728,Silcott-Duberry,3,3,0.0,1.0,45,0.0,0.0,0.0,0.02,100.0,0.0,0.0,0.0,0.0,0.0,0.0,0.0,0.0,0.0,0.0,0.0,0.0,0.0,0.0
114,117,86,Ajer,4,2,1.0,40.0,44,0.0,0.06,0.05,1.0,100.0,0.0,0.0,0.0,0.0,0.0,0.0,0.0,0.0,0.0,0.0,0.0,0.0,0.0,0.0
115,118,87,Brierley,4,3,0.0,0.0,44,0.0,0.0,0.0,0.0,100.0,0.0,0.0,0.0,0.0,0.0,0.0,0.0,0.0,0.0,0.0,0.0,0.0,0.0,0.0
118,121,90,Dasilva,4,3,0.0,0.0,48,0.0,0.0,0.0,0.0,0.0,0.0,0.0,0.0,0.0,0.0,0.0,0.0,0.0,0.0,0.0,0.0,0.0,0.0,0.0
120,123,92,Henry,4,2,0.0,3.0,43,0.0,0.0,0.0,0.13,75.0,0.0,0.0,0.0,0.0,0.0,0.0,0.0,0.0,0.0,0.0,0.0,0.0,0.0,0.0
123,126,95,Jensen,4,3,2.0,39.4,53,0.0,0.0,0.05,0.74,100.0,0.0,0.0,0.0,0.0,0.0,0.0,0.0,0.0,0.0,0.0,0.0,0.0,0.0,0.0
135,138,107,Thiago,4,4,1.0,72.0,59,0.0,0.0,0.0,1.54,0.0,0.0,0.0,0.0,0.0,0.0,0.0,0.0,0.0,0.0,0.0,0.0,0.0,0.0,0.0
124,127,96,Ji-soo,4,2,0.0,13.5,39,0.0,0.0,0.0,0.08,100.0,0.0,0.0,0.0,0.0,0.0,0.0,0.0,0.0,0.0,0.0,0.0,0.0,0.0,0.0
125,128,97,Konak,4,3,0.0,1.0,44,0.0,0.0,0.0,0.0,100.0,0.0,0.0,0.0,0.0,0.0,0.0,0.0,0.0,0.0,0.0,0.0,0.0,0.0,0.0
128,131,100,Mee,4,2,2.0,42.75,42,0.0,0.0,0.0,0.52,100.0,0.0,0.0,0.0,0.0,0.0,0.0,0.0,0.0,0.0,0.0,0.0,0.0,0.0,0.0
130,133,102,Onyeka,4,3,0.0,0.0,49,0.0,0.0,0.0,0.0,0.0,0.0,0.0,0.0,0.0,0.0,0.0,0.0,0.0,0.0,0.0,0.0,0.0,0.0,0.0
131,134,103,Peart-Harris,4,3,0.0,0.0,45,0.0,0.0,0.0,0.0,0.0,0.0,0.0,0.0,0.0,0.0,0.0,0.0,0.0,0.0,0.0,0.0,0.0,0.0,0.0
132,135,104,Pinnock,4,2,2.0,90.0,44,0.0,0.0,0.0,1.93,0.0,0.0,0.0,0.0,0.0,0.0,0.0,0.0,0.0,0.0,0.0,0.0,0.0,0.0,0.0
161,165,127,I.Osman,5,3,0.0,0.0,50,0.0,0.0,0.0,0.0,0.0,0.0,0.0,0.0,0.0,0.0,0.0,0.0,0.0,0.0,0.0,0.0,0.0,0.0,0.0
164,168,130,Kozlowski,5,3,0.0,0.0,45,0.0,0.0,0.0,0.0,0.0,0.0,0.0,0.0,0.0,0.0,0.0,0.0,0.0,0.0,0.0,0.0,0.0,0.0,0.0
110,112,722,Adu-Adjei,3,4,0.0,0.0,45,0.0,0.0,0.0,0.0,100.0,0.0,0.0,0.0,0.0,0.0,0.0,0.0,0.0,0.0,0.0,0.0,0.0,0.0,0.0
166,170,132,March,5,3,0.0,11.5,65,0.0,0.02,0.0,0.1,75.0,0.0,0.0,0.0,0.0,0.0,0.0,0.0,0.0,0.0,0.0,0.0,0.0,0.0,0.0
193,197,681,McConville,5,2,0.0,0.0,40,0.0,0.0,0.0,0.0,100.0,0.0,0.0,0.0,0.0,0.0,0.0,0.0,0.0,0.0,0.0,0.0,0.0,0.0,0.0
194,198,685,Slater,5,2,0.0,0.0,40,0.0,0.0,0.0,0.0,100.0,0.0,0.0,0.0,0.0,0.0,0.0,0.0,0.0,0.0,0.0,0.0,0.0,0.0,0.0
195,199,714,Gómez,5,3,0.0,1.0,55,0.0,0.0,0.0,0.0,100.0,0.0,0.0,0.0,0.0,0.0,0.0,0.0,0.0,0.0,0.0,0.0,0.0,0.0,0.0
196,201,150,Andrey Santos,6,3,0.0,0.0,45,0.0,0.0,0.0,0.0,0.0,0.0,0.0,0.0,0.0,0.0,0.0,0.0,0.0,0.0,0.0,0.0,0.0,0.0,0.0
197,202,151,Ângelo,6,3,0.0,0.0,45,0.0,0.0,0.0,0.0,0.0,0.0,0.0,0.0,0.0,0.0,0.0,0.0,0.0,0.0,0.0,0.0,0.0,0.0,0.0
198,203,153,B.Badiashile,6,2,1.0,90.0,43,0.0,0.0,0.0,2.95,0.0,0.0,0.0,0.0,0.0,0.0,0.0,0.0,0.0,0.0,0.0,0.0,0.0,0.0,0.0
199,204,154,Bergström,6,1,0.0,0.0,39,0.0,0.0,0.0,0.0,100.0,0.0,0.0,0.0,0.0,0.0,0.0,0.0,0.0,0.0,0.0,0.0,0.0,0.0,0.0
200,205,155,Bettinelli,6,1,0.0,0.0,39,0.0,0.0,0.0,0.0,100.0,0.0,0.0,0.0,0.0,0.0,0.0,0.0,0.0,0.0,0.0,0.0,0.0,0.0,0.0
202,207,158,Casadei,6,3,0.0,0.0,44,0.0,0.0,0.0,0.0,100.0,0.0,0.0,0.0,0.0,0.0,0.0,0.0,0.0,0.0,0.0,0.0,0.0,0.0,0.0
204,209,160,Chilwell,6,2,0.0,0.0,46,0.0,0.0,0.0,0.0,100.0,0.0,0.0,0.0,0.0,0.0,0.0,0.0,0.0,0.0,0.0,0.0,0.0,0.0,0.0
205,210,161,Chukwuemeka,6,3,0.0,0.0,47,0.0,0.0,0.0,0.0,100.0,0.0,0.0,0.0,0.0,0.0,0.0,0.0,0.0,0.0,0.0,0.0,0.0,0.0,0.0
208,213,164,D.D.Fofana,6,4,0.0,0.0,54,0.0,0.0,0.0,0.0,0.0,0.0,0.0,0.0,0.0,0.0,0.0,0.0,0.0,0.0,0.0,0.0,0.0,0.0,0.0
209,214,165,Deivid,6,4,0.0,0.0,49,0.0,0.0,0.0,0.0,100.0,0.0,0.0,0.0,0.0,0.0,0.0,0.0,0.0,0.0,0.0,0.0,0.0,0.0,0.0
210,215,166,Dewsbury-Hall,6,3,1.0,76.0,55,1.0,0.11,0.57,0.82,100.0,0.0,0.0,0.0,0.0,0.0,0.0,0.0,0.0,0.0,0.0,0.0,0.0,0.0,0.0
211,216,167,Disasi,6,2,2.0,59.67,42,0.0,0.01,0.01,0.8,100.0,0.0,0.0,0.0,0.0,0.0,0.0,0.0,0.0,0.0,0.0,0.0,0.0,0.0,0.0
192,196,668,Cahill,5,1,0.0,0.0,39,0.0,0.0,0.0,0.0,100.0,0.0,0.0,0.0,0.0,0.0,0.0,0.0,0.0,0.0,0.0,0.0,0.0,0.0,0.0
191,195,663,Samuels,5,2,0.0,0.0,40,0.0,0.0,0.0,0.0,0.0,0.0,0.0,0.0,0.0,0.0,0.0,0.0,0.0,0.0,0.0,0.0,0.0,0.0,0.0
189,193,628,F.Kadıoğlu,5,2,0.0,0.0,45,0.0,0.0,0.0,0.0,0.0,0.0,0.0,0.0,0.0,0.0,0.0,0.0,0.0,0.0,0.0,0.0,0.0,0.0,0.0
174,178,140,Peupion,5,3,0.0,0.0,44,0.0,0.0,0.0,0.0,100.0,0.0,0.0,0.0,0.0,0.0,0.0,0.0,0.0,0.0,0.0,0.0,0.0,0.0,0.0
167,171,133,Mazilu,5,3,0.0,0.0,45,0.0,0.0,0.0,0.0,0.0,0.0,0.0,0.0,0.0,0.0,0.0,0.0,0.0,0.0,0.0,0.0,0.0,0.0,0.0
168,172,134,Milner,5,3,0.0,0.0,50,0.0,0.0,0.0,0.0,0.0,0.0,0.0,0.0,0.0,0.0,0.0,0.0,0.0,0.0,0.0,0.0,0.0,0.0,0.0
169,173,135,Minteh,5,3,2.0,36.0,50,0.33,0.18,0.12,0.56,100.0,0.0,0.0,0.0,0.0,0.0,0.0,0.0,0.0,0.0,0.0,0.0,0.0,0.0,0.0
171,175,137,Moder,5,3,0.0,2.5,44,0.0,0.0,0.13,0.02,0.0,0.0,0.0,0.0,0.0,0.0,0.0,0.0,0.0,0.0,0.0,0.0,0.0,0.0,0.0
172,176,138,O’Mahony,5,4,0.0,0.0,45,0.0,0.0,0.0,0.0,0.0,0.0,0.0,0.0,0.0,0.0,0.0,0.0,0.0,0.0,0.0,0.0,0.0,0.0,0.0
173,177,139,Offiah,5,2,0.0,0.0,40,0.0,0.0,0.0,0.0,0.0,0.0,0.0,0.0,0.0,0.0,0.0,0.0,0.0,0.0,0.0,0.0,0.0,0.0,0.0
175,179,141,Sarmiento,5,3,0.0,0.0,49,0.0,0.0,0.0,0.0,0.0,0.0,0.0,0.0,0.0,0.0,0.0,0.0,0.0,0.0,0.0,0.0,0.0,0.0,0.0
187,191,615,Rushworth,5,1,0.0,0.0,40,0.0,0.0,0.0,0.0,0.0,0.0,0.0,0.0,0.0,0.0,0.0,0.0,0.0,0.0,0.0,0.0,0.0,0.0,0.0
176,180,142,Steele,5,1,0.0,0.0,41,0.0,0.0,0.0,0.0,0.0,0.0,0.0,0.0,0.0,0.0,0.0,0.0,0.0,0.0,0.0,0.0,0.0,0.0,0.0
177,181,143,Undav,5,4,0.0,0.0,55,0.0,0.0,0.0,0.0,0.0,0.0,0.0,0.0,0.0,0.0,0.0,0.0,0.0,0.0,0.0,0.0,0.0,0.0,0.0
181,185,147,Webster,5,2,1.0,29.0,43,0.0,0.0,0.01,0.08,100.0,0.0,0.0,0.0,0.0,0.0,0.0,0.0,0.0,0.0,0.0,0.0,0.0,0.0,0.0
182,186,148,Welbeck,5,4,2.0,47.5,55,0.0,0.08,0.0,0.87,100.0,0.0,0.0,0.0,0.0,0.0,0.0,0.0,0.0,0.0,0.0,0.0,0.0,0.0,0.0
183,187,149,Wieffer,5,3,1.0,34.0,47,1.0,0.2,0.18,0.64,50.0,0.0,0.0,0.0,0.0,0.0,0.0,0.0,0.0,0.0,0.0,0.0,0.0,0.0,0.0
186,190,601,Moran,5,3,0.0,0.0,50,0.0,0.0,0.0,0.0,0.0,0.0,0.0,0.0,0.0,0.0,0.0,0.0,0.0,0.0,0.0,0.0,0.0,0.0,0.0
111,113,723,Sadi,3,3,0.0,0.0,45,0.0,0.0,0.0,0.0,100.0,0.0,0.0,0.0,0.0,0.0,0.0,0.0,0.0,0.0,0.0,0.0,0.0,0.0,0.0
109,111,713,Soler,3,2,0.0,0.0,40,0.0,0.0,0.0,0.0,0.0,0.0,0.0,0.0,0.0,0.0,0.0,0.0,0.0,0.0,0.0,0.0,0.0,0.0,0.0
439,450,692,Nallo,12,2,0.0,0.0,40,0.0,0.0,0.0,0.0,100.0,0.0,0.0,0.0,0.0,0.0,0.0,0.0,0.0,0.0,0.0,0.0,0.0,0.0,0.0
57,58,51,Olsen,2,1,0.0,0.0,45,0.0,0.0,0.0,0.0,100.0,0.0,0.0,0.0,0.0,0.0,0.0,0.0,0.0,0.0,0.0,0.0,0.0,0.0,0.0
32,32,665,Butler-Oyedeji,1,4,0.0,0.0,45,0.0,0.0,0.0,0.0,100.0,0.0,0.0,0.0,0.0,0.0,0.0,0.0,0.0,0.0,0.0,0.0,0.0,0.0,0.0
33,34,756,Porter,1,1,0.0,0.0,40,0.0,0.0,0.0,0.0,100.0,0.0,0.0,0.0,0.0,0.0,0.0,0.0,0.0,0.0,0.0,0.0,0.0,0.0,0.0
35,36,29,Barkley,2,3,1.0,27.0,52,0.6,0.16,0.01,0.43,50.0,0.0,0.0,0.0,0.0,0.0,0.0,0.0,0.0,0.0,0.0,0.0,0.0,0.0,0.0
36,37,30,Barrenechea,2,3,0.0,0.0,49,0.0,0.0,0.0,0.0,0.0,0.0,0.0,0.0,0.0,0.0,0.0,0.0,0.0,0.0,0.0,0.0,0.0,0.0,0.0
37,38,31,Buendia,2,3,0.0,10.4,51,0.0,0.06,0.0,0.32,100.0,0.0,0.0,0.0,0.0,0.0,0.0,0.0,0.0,0.0,0.0,0.0,0.0,0.0,0.0
39,40,33,Dendoncker,2,3,0.0,0.0,45,0.0,0.0,0.0,0.0,0.0,0.0,0.0,0.0,0.0,0.0,0.0,0.0,0.0,0.0,0.0,0.0,0.0,0.0,0.0
40,41,34,Diaby,2,3,0.0,0.0,65,0.0,0.0,0.0,0.0,0.0,0.0,0.0,0.0,0.0,0.0,0.0,0.0,0.0,0.0,0.0,0.0,0.0,0.0,0.0
41,42,35,Diego Carlos,2,2,3.0,90.0,45,0.33,0.02,0.0,1.21,0.0,0.0,0.0,0.0,0.0,0.0,0.0,0.0,0.0,0.0,0.0,0.0,0.0,0.0,0.0
43,44,37,Dobbin,2,3,0.0,0.0,50,0.0,0.0,0.0,0.0,0.0,0.0,0.0,0.0,0.0,0.0,0.0,0.0,0.0,0.0,0.0,0.0,0.0,0.0,0.0
45,46,39,Gauci,2,1,0.0,0.0,40,0.0,0.0,0.0,0.0,100.0,0.0,0.0,0.0,0.0,0.0,0.0,0.0,0.0,0.0,0.0,0.0,0.0,0.0,0.0
46,47,40,Hause,2,2,0.0,0.0,39,0.0,0.0,0.0,0.0,100.0,0.0,0.0,0.0,0.0,0.0,0.0,0.0,0.0,0.0,0.0,0.0,0.0,0.0,0.0
47,48,41,Iling Jr,2,3,0.0,0.0,54,0.0,0.0,0.0,0.0,0.0,0.0,0.0,0.0,0.0,0.0,0.0,0.0,0.0,0.0,0.0,0.0,0.0,0.0,0.0
49,50,43,Kesler-Hayden,2,2,0.0,0.0,40,0.0,0.0,0.0,0.0,0.0,0.0,0.0,0.0,0.0,0.0,0.0,0.0,0.0,0.0,0.0,0.0,0.0,0.0,0.0
51,52,45,Maatsen,2,2,2.0,29.5,45,0.0,0.01,0.13,0.46,100.0,0.0,0.0,0.0,0.0,0.0,0.0,0.0,0.0,0.0,0.0,0.0,0.0,0.0,0.0
52,53,46,Marschall,2,1,0.0,0.0,40,0.0,0.0,0.0,0.0,0.0,0.0,0.0,0.0,0.0,0.0,0.0,0.0,0.0,0.0,0.0,0.0,0.0,0.0,0.0
31,31,662,Nichols,1,2,0.0,0.0,40,0.0,0.0,0.0,0.0,100.0,0.0,0.0,0.0,0.0,0.0,0.0,0.0,0.0,0.0,0.0,0.0,0.0,0.0,0.0
30,30,659,Kabia,1,3,0.0,0.0,45,0.0,0.0,0.0,0.0,100.0,0.0,0.0,0.0,0.0,0.0,0.0,0.0,0.0,0.0,0.0,0.0,0.0,0.0,0.0
29,29,658,Heaven,1,2,0.0,0.0,40,0.0,0.0,0.0,0.0,100.0,0.0,0.0,0.0,0.0,0.0,0.0,0.0,0.0,0.0,0.0,0.0,0.0,0.0,0.0
19,19,24,White,1,2,0.0,0.0,61,0.0,0.0,0.0,0.0,0.0,0.0,0.0,0.0,0.0,0.0,0.0,0.0,0.0,0.0,0.0,0.0,0.0,0.0,0.0
4,4,5,Hein,1,1,0.0,0.0,40,0.0,0.0,0.0,0.0,0.0,0.0,0.0,0.0,0.0,0.0,0.0,0.0,0.0,0.0,0.0,0.0,0.0,0.0,0.0
6,6,7,Jorginho,1,3,2.0,41.5,47,0.0,0.0,0.03,0.44,100.0,0.0,0.0,0.0,0.0,0.0,0.0,0.0,0.0,0.0,0.0,0.0,0.0,0.0,0.0
7,7,8,Kiwior,1,2,1.0,90.0,48,0.0,0.0,0.02,0.58,100.0,0.0,0.0,0.0,0.0,0.0,0.0,0.0,0.0,0.0,0.0,0.0,0.0,0.0,0.0
13,13,17,Saka,1,3,3.0,67.67,102,0.0,0.07,0.11,0.5,0.0,0.0,0.0,0.0,0.0,0.0,0.0,0.0,0.0,0.0,0.0,0.0,0.0,0.0,0.0
16,16,21,Tierney,1,2,0.0,8.0,43,0.0,0.0,0.06,0.05,100.0,0.0,0.0,0.0,0.0,0.0,0.0,0.0,0.0,0.0,0.0,0.0,0.0,0.0,0.0
17,17,22,Tomiyasu,1,2,0.0,0.0,48,0.0,0.0,0.0,0.0,0.0,0.0,0.0,0.0,0.0,0.0,0.0,0.0,0.0,0.0,0.0,0.0,0.0,0.0,0.0
20,20,25,Zinchenko,1,2,0.0,2.0,48,0.0,0.0,0.0,0.02,100.0,0.0,0.0,0.0,0.0,0.0,0.0,0.0,0.0,0.0,0.0,0.0,0.0,0.0,0.0
28,28,657,Kacurri,1,2,0.0,0.0,40,0.0,0.0,0.0,0.0,100.0,0.0,0.0,0.0,0.0,0.0,0.0,0.0,0.0,0.0,0.0,0.0,0.0,0.0,0.0
21,21,73,Neto,1,1,0.0,0.0,41,0.0,0.0,0.0,0.0,100.0,0.0,0.0,0.0,0.0,0.0,0.0,0.0,0.0,0.0,0.0,0.0,0.0,0.0,0.0
22,22,186,Sterling,1,3,1.0,34.0,67,0.0,0.09,0.01,0.38,100.0,0.0,0.0,0.0,0.0,0.0,0.0,0.0,0.0,0.0,0.0,0.0,0.0,0.0,0.0
23,23,578,Calafiori,1,2,2.0,61.0,58,0.0,0.14,0.14,0.52,100.0,0.0,0.0,0.0,0.0,0.0,0.0,0.0,0.0,0.0,0.0,0.0,0.0,0.0,0.0
24,24,597,Lewis-Skelly,1,3,6.0,63.57,45,0.0,0.0,0.01,0.57,0.0,0.0,0.0,0.0,0.0,0.0,0.0,0.0,0.0,0.0,0.0,0.0,0.0,0.0,0.0
26,26,638,Oulad M'hand,1,3,0.0,0.0,45,0.0,0.0,0.0,0.0,100.0,0.0,0.0,0.0,0.0,0.0,0.0,0.0,0.0,0.0,0.0,0.0,0.0,0.0,0.0
27,27,639,Setford,1,1,0.0,0.0,45,0.0,0.0,0.0,0.0,100.0,0.0,0.0,0.0,0.0,0.0,0.0,0.0,0.0,0.0,0.0,0.0,0.0,0.0,0.0
56,57,50,Nedeljkovic,2,2,0.0,21.0,39,0.0,0.0,0.0,0.64,100.0,0.0,0.0,0.0,0.0,0.0,0.0,0.0,0.0,0.0,0.0,0.0,0.0,0.0,0.0
58,59,52,Pau,2,2,5.0,75.8,42,0.0,0.03,0.01,1.32,0.0,0.0,0.0,0.0,0.0,0.0,0.0,0.0,0.0,0.0,0.0,0.0,0.0,0.0,0.0
108,110,712,Akinmboni,3,2,0.0,0.0,40,0.0,0.0,0.0,0.0,100.0,0.0,0.0,0.0,0.0,0.0,0.0,0.0,0.0,0.0,0.0,0.0,0.0,0.0,0.0
61,62,55,Sinisalo,2,1,0.0,0.0,40,0.0,0.0,0.0,0.0,0.0,0.0,0.0,0.0,0.0,0.0,0.0,0.0,0.0,0.0,0.0,0.0,0.0,0.0,0.0
89,91,75,Paulsen,3,1,0.0,0.0,40,0.0,0.0,0.0,0.0,0.0,0.0,0.0,0.0,0.0,0.0,0.0,0.0,0.0,0.0,0.0,0.0,0.0,0.0,0.0
90,92,76,Philip,3,3,1.0,22.83,48,0.0,0.05,0.04,0.48,0.0,0.0,0.0,0.0,0.0,0.0,0.0,0.0,0.0,0.0,0.0,0.0,0.0,0.0,0.0
91,93,77,Scott,3,3,0.0,0.0,47,0.0,0.0,0.0,0.0,0.0,0.0,0.0,0.0,0.0,0.0,0.0,0.0,0.0,0.0,0.0,0.0,0.0,0.0,0.0
93,95,79,Senesi,3,2,0.0,0.0,46,0.0,0.0,0.0,0.0,0.0,0.0,0.0,0.0,0.0,0.0,0.0,0.0,0.0,0.0,0.0,0.0,0.0,0.0,0.0
94,96,80,Sinisterra,3,3,0.0,0.0,48,0.0,0.0,0.0,0.0,0.0,0.0,0.0,0.0,0.0,0.0,0.0,0.0,0.0,0.0,0.0,0.0,0.0,0.0,0.0
95,97,81,Smith,3,2,3.0,58.0,44,0.0,0.0,0.01,0.65,0.0,0.0,0.0,0.0,0.0,0.0,0.0,0.0,0.0,0.0,0.0,0.0,0.0,0.0,0.0
96,98,83,Tavernier,3,3,1.0,41.5,54,0.0,0.31,0.53,0.55,100.0,0.0,0.0,0.0,0.0,0.0,0.0,0.0,0.0,0.0,0.0,0.0,0.0,0.0,0.0
97,99,84,Travers,3,1,2.0,90.0,44,0.0,0.0,0.0,1.3,100.0,0.0,0.0,0.0,0.0,0.0,0.0,0.0,0.0,0.0,0.0,0.0,0.0,0.0,0.0
101,103,592,J.Araujo,3,2,0.0,0.0,43,0.0,0.0,0.0,0.0,0.0,0.0,0.0,0.0,0.0,0.0,0.0,0.0,0.0,0.0,0.0,0.0,0.0,0.0,0.0
102,104,599,Dennis,3,1,0.0,0.0,40,0.0,0.0,0.0,0.0,100.0,0.0,0.0,0.0,0.0,0.0,0.0,0.0,0.0,0.0,0.0,0.0,0.0,0.0,0.0
103,105,617,Evanilson,3,4,5.0,68.67,56,0.33,0.16,0.05,0.74,0.0,0.0,0.0,0.0,0.0,0.0,0.0,0.0,0.0,0.0,0.0,0.0,0.0,0.0,0.0
104,106,680,Kinsey,3,2,0.0,0.0,40,0.0,0.0,0.0,0.0,100.0,0.0,0.0,0.0,0.0,0.0,0.0,0.0,0.0,0.0,0.0,0.0,0.0,0.0,0.0
105,107,687,Winterburn,3,3,0.0,4.5,45,0.0,0.0,0.0,0.0,100.0,0.0,0.0,0.0,0.0,0.0,0.0,0.0,0.0,0.0,0.0,0.0,0.0,0.0,0.0
106,108,702,Harris,3,2,0.0,0.0,40,0.0,0.0,0.0,0.0,100.0,0.0,0.0,0.0,0.0,0.0,0.0,0.0,0.0,0.0,0.0,0.0,0.0,0.0,0.0
107,109,707,Rees-Dottin,3,4,0.0,1.0,45,0.0,0.0,0.0,0.0,100.0,0.0,0.0,0.0,0.0,0.0,0.0,0.0,0.0,0.0,0.0,0.0,0.0,0.0,0.0
87,89,72,Mepham,3,2,0.0,0.0,44,0.0,0.0,0.0,0.0,0.0,0.0,0.0,0.0,0.0,0.0,0.0,0.0,0.0,0.0,0.0,0.0,0.0,0.0,0.0
84,86,69,Jebbison,3,4,0.0,5.67,45,0.0,0.03,0.02,0.28,100.0,0.0,0.0,0.0,0.0,0.0,0.0,0.0,0.0,0.0,0.0,0.0,0.0,0.0,0.0
83,85,68,Hill,3,2,3.0,35.2,39,0.0,0.0,0.12,0.59,0.0,0.0,0.0,0.0,0.0,0.0,0.0,0.0,0.0,0.0,0.0,0.0,0.0,0.0,0.0
70,71,679,Broggio,2,3,0.0,0.0,45,0.0,0.0,0.0,0.0,100.0,0.0,0.0,0.0,0.0,0.0,0.0,0.0,0.0,0.0,0.0,0.0,0.0,0.0,0.0
62,63,56,Sousa,2,2,0.0,0.0,40,0.0,0.0,0.0,0.0,0.0,0.0,0.0,0.0,0.0,0.0,0.0,0.0,0.0,0.0,0.0,0.0,0.0,0.0,0.0
65,66,233,Onana,2,3,4.0,54.83,48,0.0,0.02,0.0,1.13,50.0,0.0,0.0,0.0,0.0,0.0,0.0,0.0,0.0,0.0,0.0,0.0,0.0,0.0,0.0
66,67,598,Bogarde,2,2,0.0,53.0,40,0.0,0.02,0.0,0.91,100.0,0.0,0.0,0.0,0.0,0.0,0.0,0.0,0.0,0.0,0.0,0.0,0.0,0.0,0.0
67,68,640,Swinkels,2,2,0.0,0.0,40,0.0,0.0,0.0,0.0,100.0,0.0,0.0,0.0,0.0,0.0,0.0,0.0,0.0,0.0,0.0,0.0,0.0,0.0,0.0
68,69,641,Zych,2,1,0.0,0.0,40,0.0,0.0,0.0,0.0,100.0,0.0,0.0,0.0,0.0,0.0,0.0,0.0,0.0,0.0,0.0,0.0,0.0,0.0,0.0
69,70,656,Young,2,3,0.0,0.0,45,0.0,0.0,0.0,0.0,100.0,0.0,0.0,0.0,0.0,0.0,0.0,0.0,0.0,0.0,0.0,0.0,0.0,0.0,0.0
71,72,710,Jimoh,2,3,0.0,0.0,45,0.0,0.0,0.0,0.0,100.0,0.0,0.0,0.0,0.0,0.0,0.0,0.0,0.0,0.0,0.0,0.0,0.0,0.0,0.0
82,84,67,H.Traorè,3,3,0.0,0.0,45,0.0,0.0,0.0,0.0,0.0,0.0,0.0,0.0,0.0,0.0,0.0,0.0,0.0,0.0,0.0,0.0,0.0,0.0,0.0
72,73,725,Malen,2,3,0.0,25.0,55,0.0,0.02,0.0,0.73,100.0,0.0,0.0,0.0,0.0,0.0,0.0,0.0,0.0,0.0,0.0,0.0,0.0,0.0,0.0
73,74,731,A. Garcia,2,2,0.0,0.0,45,0.0,0.0,0.0,0.0,100.0,0.0,0.0,0.0,0.0,0.0,0.0,0.0,0.0,0.0,0.0,0.0,0.0,0.0,0.0
74,76,59,Aarons,3,2,1.0,34.5,43,0.0,0.0,0.0,0.06,0.0,0.0,0.0,0.0,0.0,0.0,0.0,0.0,0.0,0.0,0.0,0.0,0.0,0.0,0.0
76,78,61,Anthony,3,3,0.0,0.0,45,0.0,0.0,0.0,0.0,0.0,0.0,0.0,0.0,0.0,0.0,0.0,0.0,0.0,0.0,0.0,0.0,0.0,0.0,0.0
80,82,65,Enes Ünal,3,4,1.0,25.67,54,0.67,0.28,0.01,0.32,0.0,0.0,0.0,0.0,0.0,0.0,0.0,0.0,0.0,0.0,0.0,0.0,0.0,0.0,0.0
81,83,66,Faivre,3,3,0.0,0.0,50,0.0,0.0,0.0,0.0,0.0,0.0,0.0,0.0,0.0,0.0,0.0,0.0,0.0,0.0,0.0,0.0,0.0,0.0,0.0
213,218,169,Gallagher,6,3,0.0,0.0,59,0.0,0.0,0.0,0.0,0.0,0.0,0.0,0.0,0.0,0.0,0.0,0.0,0.0,0.0,0.0,0.0,0.0,0.0,0.0
214,219,170,Gilchrist,6,2,0.0,0.0,40,0.0,0.0,0.0,0.0,0.0,0.0,0.0,0.0,0.0,0.0,0.0,0.0,0.0,0.0,0.0,0.0,0.0,0.0,0.0
216,221,172,James,6,2,2.0,60.67,48,0.33,0.19,0.19,1.18,100.0,0.0,0.0,0.0,0.0,0.0,0.0,0.0,0.0,0.0,0.0,0.0,0.0,0.0,0.0
386,396,297,Marcal,11,3,0.0,0.0,45,0.0,0.0,0.0,0.0,0.0,0.0,0.0,0.0,0.0,0.0,0.0,0.0,0.0,0.0,0.0,0.0,0.0,0.0,0.0
358,367,282,Tuanzebe,10,2,1.0,58.0,39,0.0,0.0,0.0,1.91,100.0,0.0,0.0,0.0,0.0,0.0,0.0,0.0,0.0,0.0,0.0,0.0,0.0,0.0,0.0
363,372,569,Jaden,10,3,1.0,45.0,53,0.0,0.01,0.02,1.28,100.0,0.0,0.0,0.0,0.0,0.0,0.0,0.0,0.0,0.0,0.0,0.0,0.0,0.0,0.0
364,373,583,Townsend,10,2,0.0,45.0,39,0.0,0.0,0.04,0.86,100.0,0.0,0.0,0.0,0.0,0.0,0.0,0.0,0.0,0.0,0.0,0.0,0.0,0.0,0.0
365,374,611,Szmodics,10,3,4.0,62.2,57,0.0,0.18,0.03,1.32,50.0,0.0,0.0,0.0,0.0,0.0,0.0,0.0,0.0,0.0,0.0,0.0,0.0,0.0,0.0
1,1,2,G.Jesus,1,4,4.0,62.17,66,1.0,0.43,0.2,0.53,0.0,0.0,0.0,0.0,0.0,0.0,0.0,0.0,0.0,0.0,0.0,0.0,0.0,0.0,0.0
369,378,632,Ogbene,10,3,0.0,0.0,48,0.0,0.0,0.0,0.0,0.0,0.0,0.0,0.0,0.0,0.0,0.0,0.0,0.0,0.0,0.0,0.0,0.0,0.0,0.0
370,379,715,Godfrey,10,2,1.0,63.0,40,0.0,0.0,0.01,3.7,100.0,0.0,0.0,0.0,0.0,0.0,0.0,0.0,0.0,0.0,0.0,0.0,0.0,0.0,0.0
371,381,117,Buonanotte,11,3,2.0,32.12,47,0.0,0.0,0.03,0.62,100.0,0.0,0.0,0.0,0.0,0.0,0.0,0.0,0.0,0.0,0.0,0.0,0.0,0.0,0.0
373,383,198,Edouard,11,4,0.0,0.0,51,0.0,0.0,0.0,0.0,100.0,0.0,0.0,0.0,0.0,0.0,0.0,0.0,0.0,0.0,0.0,0.0,0.0,0.0,0.0
375,385,286,Cannon,11,4,0.0,0.0,45,0.0,0.0,0.0,0.0,0.0,0.0,0.0,0.0,0.0,0.0,0.0,0.0,0.0,0.0,0.0,0.0,0.0,0.0,0.0
376,386,287,Choudhury,11,3,1.0,38.33,43,0.0,0.0,0.03,1.38,100.0,0.0,0.0,0.0,0.0,0.0,0.0,0.0,0.0,0.0,0.0,0.0,0.0,0.0,0.0
378,388,289,Daka,11,4,1.0,24.88,48,0.0,0.02,0.0,0.59,100.0,0.0,0.0,0.0,0.0,0.0,0.0,0.0,0.0,0.0,0.0,0.0,0.0,0.0,0.0
379,389,290,De Cordova-Reid,11,3,1.0,26.83,52,0.33,0.14,0.25,0.38,100.0,0.0,0.0,0.0,0.0,0.0,0.0,0.0,0.0,0.0,0.0,0.0,0.0,0.0,0.0
381,391,292,Golding,11,3,0.0,0.0,44,0.0,0.0,0.0,0.0,100.0,0.0,0.0,0.0,0.0,0.0,0.0,0.0,0.0,0.0,0.0,0.0,0.0,0.0,0.0
382,392,293,Hermansen,11,1,2.0,67.5,44,0.0,0.0,0.0,1.51,0.0,0.0,0.0,0.0,0.0,0.0,0.0,0.0,0.0,0.0,0.0,0.0,0.0,0.0,0.0
357,366,281,Taylor,10,3,1.0,24.75,48,0.12,0.08,0.03,0.48,100.0,0.0,0.0,0.0,0.0,0.0,0.0,0.0,0.0,0.0,0.0,0.0,0.0,0.0,0.0
356,365,280,Slicker,10,1,0.0,0.0,39,0.0,0.0,0.0,0.0,100.0,0.0,0.0,0.0,0.0,0.0,0.0,0.0,0.0,0.0,0.0,0.0,0.0,0.0,0.0
355,364,279,Ndaba,10,2,0.0,0.0,40,0.0,0.0,0.0,0.0,0.0,0.0,0.0,0.0,0.0,0.0,0.0,0.0,0.0,0.0,0.0,0.0,0.0,0.0,0.0
340,349,264,Burns,10,3,5.0,50.57,48,0.0,0.01,0.03,1.19,50.0,0.0,0.0,0.0,0.0,0.0,0.0,0.0,0.0,0.0,0.0,0.0,0.0,0.0,0.0
331,339,604,King,9,3,1.0,17.0,45,0.0,0.02,0.08,0.04,100.0,0.0,0.0,0.0,0.0,0.0,0.0,0.0,0.0,0.0,0.0,0.0,0.0,0.0,0.0
332,340,605,Godo,9,3,0.0,14.0,44,0.0,0.0,0.0,0.02,100.0,0.0,0.0,0.0,0.0,0.0,0.0,0.0,0.0,0.0,0.0,0.0,0.0,0.0,0.0
334,342,690,Amissah,9,2,0.0,0.0,40,0.0,0.0,0.0,0.0,100.0,0.0,0.0,0.0,0.0,0.0,0.0,0.0,0.0,0.0,0.0,0.0,0.0,0.0,0.0
335,344,121,Enciso,10,3,2.0,35.5,54,0.0,0.07,0.11,0.6,100.0,0.0,0.0,0.0,0.0,0.0,0.0,0.0,0.0,0.0,0.0,0.0,0.0,0.0,0.0
336,345,260,Al-Hamadi,10,4,0.0,12.17,47,0.0,0.03,0.0,0.59,0.0,0.0,0.0,0.0,0.0,0.0,0.0,0.0,0.0,0.0,0.0,0.0,0.0,0.0,0.0
337,346,261,Baggott,10,2,0.0,0.0,40,0.0,0.0,0.0,0.0,0.0,0.0,0.0,0.0,0.0,0.0,0.0,0.0,0.0,0.0,0.0,0.0,0.0,0.0,0.0
341,350,265,Chaplin,10,3,3.0,75.0,51,0.0,0.28,0.2,2.17,50.0,0.0,0.0,0.0,0.0,0.0,0.0,0.0,0.0,0.0,0.0,0.0,0.0,0.0,0.0
353,362,277,Luongo,10,3,0.0,26.0,44,0.0,0.0,0.0,0.82,100.0,0.0,0.0,0.0,0.0,0.0,0.0,0.0,0.0,0.0,0.0,0.0,0.0,0.0,0.0
342,351,266,H.Clarke,10,2,2.0,60.33,40,0.0,0.0,0.01,1.43,100.0,0.0,0.0,0.0,0.0,0.0,0.0,0.0,0.0,0.0,0.0,0.0,0.0,0.0,0.0
345,354,269,Edmundson,10,2,0.0,0.0,40,0.0,0.0,0.0,0.0,0.0,0.0,0.0,0.0,0.0,0.0,0.0,0.0,0.0,0.0,0.0,0.0,0.0,0.0,0.0
347,356,271,Harness,10,3,0.0,0.0,49,0.0,0.0,0.0,0.0,0.0,0.0,0.0,0.0,0.0,0.0,0.0,0.0,0.0,0.0,0.0,0.0,0.0,0.0,0.0
348,357,272,Hirst,10,4,0.0,11.33,54,0.0,0.03,0.0,0.03,100.0,0.0,0.0,0.0,0.0,0.0,0.0,0.0,0.0,0.0,0.0,0.0,0.0,0.0,0.0
349,358,273,Humphreys,10,3,0.0,0.0,45,0.0,0.0,0.0,0.0,0.0,0.0,0.0,0.0,0.0,0.0,0.0,0.0,0.0,0.0,0.0,0.0,0.0,0.0,0.0
352,361,276,Ladapo,10,4,0.0,0.0,45,0.0,0.0,0.0,0.0,0.0,0.0,0.0,0.0,0.0,0.0,0.0,0.0,0.0,0.0,0.0,0.0,0.0,0.0,0.0
383,393,294,Iversen,11,1,0.0,0.0,39,0.0,0.0,0.0,0.0,100.0,0.0,0.0,0.0,0.0,0.0,0.0,0.0,0.0,0.0,0.0,0.0,0.0,0.0,0.0
388,398,299,McAteer,11,3,2.0,50.25,47,0.0,0.01,0.02,1.57,100.0,0.0,0.0,0.0,0.0,0.0,0.0,0.0,0.0,0.0,0.0,0.0,0.0,0.0,0.0
217,222,173,Kellyman,6,3,0.0,0.0,43,0.0,0.0,0.0,0.0,0.0,0.0,0.0,0.0,0.0,0.0,0.0,0.0,0.0,0.0,0.0,0.0,0.0,0.0,0.0
389,399,300,Ndidi,11,3,1.0,51.0,49,0.0,0.0,0.0,0.86,50.0,0.0,0.0,0.0,0.0,0.0,0.0,0.0,0.0,0.0,0.0,0.0,0.0,0.0,0.0
415,426,319,Elliott,12,3,0.0,9.57,52,0.0,0.0,0.1,0.17,100.0,0.0,0.0,0.0,0.0,0.0,0.0,0.0,0.0,0.0,0.0,0.0,0.0,0.0,0.0
416,427,320,Endo,12,3,0.0,19.33,46,0.0,0.0,0.0,0.28,100.0,0.0,0.0,0.0,0.0,0.0,0.0,0.0,0.0,0.0,0.0,0.0,0.0,0.0,0.0
418,429,322,Gomez,12,2,5.0,74.4,47,0.0,0.0,0.01,1.21,0.0,0.0,0.0,0.0,0.0,0.0,0.0,0.0,0.0,0.0,0.0,0.0,0.0,0.0,0.0
420,431,324,Jones,12,3,5.0,52.0,53,0.12,0.22,0.08,0.81,0.0,0.0,0.0,0.0,0.0,0.0,0.0,0.0,0.0,0.0,0.0,0.0,0.0,0.0,0.0
421,432,325,Kelleher,12,1,1.0,90.0,40,0.0,0.0,0.0,2.54,100.0,0.0,0.0,0.0,0.0,0.0,0.0,0.0,0.0,0.0,0.0,0.0,0.0,0.0,0.0
426,437,330,McConnell,12,3,0.0,0.0,44,0.0,0.0,0.0,0.0,100.0,0.0,0.0,0.0,0.0,0.0,0.0,0.0,0.0,0.0,0.0,0.0,0.0,0.0,0.0
427,438,331,Morton,12,3,0.0,0.0,44,0.0,0.0,0.0,0.0,100.0,0.0,0.0,0.0,0.0,0.0,0.0,0.0,0.0,0.0,0.0,0.0,0.0,0.0,0.0
428,439,332,N.Phillips,12,2,0.0,0.0,40,0.0,0.0,0.0,0.0,0.0,0.0,0.0,0.0,0.0,0.0,0.0,0.0,0.0,0.0,0.0,0.0,0.0,0.0,0.0
429,440,333,Quansah,12,2,1.0,54.33,39,0.0,0.0,0.02,1.12,100.0,0.0,0.0,0.0,0.0,0.0,0.0,0.0,0.0,0.0,0.0,0.0,0.0,0.0,0.0
430,441,334,R.Williams,12,2,0.0,0.0,40,0.0,0.0,0.0,0.0,0.0,0.0,0.0,0.0,0.0,0.0,0.0,0.0,0.0,0.0,0.0,0.0,0.0,0.0,0.0
433,444,337,Tsimikas,12,2,1.0,27.25,46,0.0,0.0,0.18,0.08,100.0,0.0,0.0,0.0,0.0,0.0,0.0,0.0,0.0,0.0,0.0,0.0,0.0,0.0,0.0
435,446,636,Chiesa,12,3,0.0,3.5,68,0.0,0.0,0.0,0.31,100.0,0.0,0.0,0.0,0.0,0.0,0.0,0.0,0.0,0.0,0.0,0.0,0.0,0.0,0.0
436,447,660,Jaros,12,1,0.0,0.0,40,0.0,0.0,0.0,0.0,100.0,0.0,0.0,0.0,0.0,0.0,0.0,0.0,0.0,0.0,0.0,0.0,0.0,0.0,0.0
437,448,669,Davies,12,1,0.0,0.0,40,0.0,0.0,0.0,0.0,100.0,0.0,0.0,0.0,0.0,0.0,0.0,0.0,0.0,0.0,0.0,0.0,0.0,0.0,0.0
438,449,688,Nyoni,12,3,0.0,0.0,45,0.0,0.0,0.0,0.0,100.0,0.0,0.0,0.0,0.0,0.0,0.0,0.0,0.0,0.0,0.0,0.0,0.0,0.0,0.0
414,425,318,Doak,12,3,0.0,0.0,45,0.0,0.0,0.0,0.0,0.0,0.0,0.0,0.0,0.0,0.0,0.0,0.0,0.0,0.0,0.0,0.0,0.0,0.0,0.0
413,424,317,Diogo J.,12,3,0.0,21.67,72,0.5,0.43,0.03,0.39,0.0,0.0,0.0,0.0,0.0,0.0,0.0,0.0,0.0,0.0,0.0,0.0,0.0,0.0,0.0
412,423,316,Darwin,12,4,2.0,38.14,70,0.43,0.26,0.08,0.8,100.0,0.0,0.0,0.0,0.0,0.0,0.0,0.0,0.0,0.0,0.0,0.0,0.0,0.0,0.0
400,410,570,A.Fatawu,11,3,0.0,0.0,52,0.0,0.0,0.0,0.0,0.0,0.0,0.0,0.0,0.0,0.0,0.0,0.0,0.0,0.0,0.0,0.0,0.0,0.0,0.0
390,400,301,Okoli,11,2,0.0,11.25,40,0.0,0.0,0.01,0.3,100.0,0.0,0.0,0.0,0.0,0.0,0.0,0.0,0.0,0.0,0.0,0.0,0.0,0.0,0.0
391,401,302,Ricardo,11,2,0.0,0.0,41,0.0,0.0,0.0,0.0,0.0,0.0,0.0,0.0,0.0,0.0,0.0,0.0,0.0,0.0,0.0,0.0,0.0,0.0,0.0
392,402,303,Souttar,11,2,0.0,0.0,40,0.0,0.0,0.0,0.0,0.0,0.0,0.0,0.0,0.0,0.0,0.0,0.0,0.0,0.0,0.0,0.0,0.0,0.0,0.0
394,404,305,Thomas,11,2,1.0,89.0,39,0.0,0.0,0.01,1.78,100.0,0.0,0.0,0.0,0.0,0.0,0.0,0.0,0.0,0.0,0.0,0.0,0.0,0.0,0.0
397,407,308,Ward,11,1,1.0,67.5,39,0.0,0.0,0.0,2.34,100.0,0.0,0.0,0.0,0.0,0.0,0.0,0.0,0.0,0.0,0.0,0.0,0.0,0.0,0.0
399,409,501,Skipp,11,3,2.0,35.86,47,0.0,0.01,0.0,1.23,100.0,0.0,0.0,0.0,0.0,0.0,0.0,0.0,0.0,0.0,0.0,0.0,0.0,0.0,0.0
401,411,606,Alves,11,3,0.0,1.0,44,0.0,0.0,0.0,0.0,100.0,0.0,0.0,0.0,0.0,0.0,0.0,0.0,0.0,0.0,0.0,0.0,0.0,0.0,0.0
411,422,315,Clark,12,3,0.0,0.0,45,0.0,0.0,0.0,0.0,0.0,0.0,0.0,0.0,0.0,0.0,0.0,0.0,0.0,0.0,0.0,0.0,0.0,0.0,0.0
402,412,616,Nelson,11,2,0.0,0.0,40,0.0,0.0,0.0,0.0,0.0,0.0,0.0,0.0,0.0,0.0,0.0,0.0,0.0,0.0,0.0,0.0,0.0,0.0,0.0
404,414,694,Cartwright,11,3,0.0,0.0,45,0.0,0.0,0.0,0.0,100.0,0.0,0.0,0.0,0.0,0.0,0.0,0.0,0.0,0.0,0.0,0.0,0.0,0.0,0.0
405,415,708,Wilson-Brown,11,2,0.0,0.0,40,0.0,0.0,0.0,0.0,100.0,0.0,0.0,0.0,0.0,0.0,0.0,0.0,0.0,0.0,0.0,0.0,0.0,0.0,0.0
406,416,726,Coulibaly,11,2,0.0,1.0,40,0.0,0.0,0.0,0.04,100.0,0.0,0.0,0.0,0.0,0.0,0.0,0.0,0.0,0.0,0.0,0.0,0.0,0.0,0.0
409,420,312,Bajcetic,12,3,0.0,0.0,45,0.0,0.0,0.0,0.0,0.0,0.0,0.0,0.0,0.0,0.0,0.0,0.0,0.0,0.0,0.0,0.0,0.0,0.0,0.0
410,421,313,Bradley,12,2,0.0,4.0,47,0.0,0.02,0.0,0.19,100.0,0.0,0.0,0.0,0.0,0.0,0.0,0.0,0.0,0.0,0.0,0.0,0.0,0.0,0.0
330,338,586,J.Cuenca,9,2,1.0,45.5,44,0.0,0.0,0.0,1.03,100.0,0.0,0.0,0.0,0.0,0.0,0.0,0.0,0.0,0.0,0.0,0.0,0.0,0.0,0.0
329,337,579,Sessegnon,9,2,0.0,1.0,41,0.0,0.0,0.0,0.14,100.0,0.0,0.0,0.0,0.0,0.0,0.0,0.0,0.0,0.0,0.0,0.0,0.0,0.0,0.0
327,335,258,Vinicius,9,4,0.0,3.0,50,0.0,0.03,0.0,0.0,100.0,0.0,0.0,0.0,0.0,0.0,0.0,0.0,0.0,0.0,0.0,0.0,0.0,0.0,0.0
326,334,257,Tete,9,2,2.0,72.0,44,0.0,0.0,0.28,1.28,0.0,0.0,0.0,0.0,0.0,0.0,0.0,0.0,0.0,0.0,0.0,0.0,0.0,0.0,0.0
244,250,195,Chadi Riad,7,2,0.0,0.0,43,0.0,0.0,0.0,0.0,0.0,0.0,0.0,0.0,0.0,0.0,0.0,0.0,0.0,0.0,0.0,0.0,0.0,0.0,0.0
245,251,196,Clyne,7,2,1.0,24.0,43,0.0,0.0,0.01,1.03,100.0,0.0,0.0,0.0,0.0,0.0,0.0,0.0,0.0,0.0,0.0,0.0,0.0,0.0,0.0
246,252,197,Ebiowei,7,3,0.0,0.0,45,0.0,0.0,0.0,0.0,0.0,0.0,0.0,0.0,0.0,0.0,0.0,0.0,0.0,0.0,0.0,0.0,0.0,0.0,0.0
250,256,202,Holding,7,2,0.0,0.0,42,0.0,0.0,0.0,0.0,100.0,0.0,0.0,0.0,0.0,0.0,0.0,0.0,0.0,0.0,0.0,0.0,0.0,0.0,0.0
252,258,205,Kamada,7,3,2.0,30.88,51,0.0,0.01,0.02,0.59,100.0,0.0,0.0,0.0,0.0,0.0,0.0,0.0,0.0,0.0,0.0,0.0,0.0,0.0,0.0
255,261,208,M.França,7,3,0.0,0.0,44,0.0,0.0,0.0,0.0,0.0,0.0,0.0,0.0,0.0,0.0,0.0,0.0,0.0,0.0,0.0,0.0,0.0,0.0,0.0
256,262,209,Matthews,7,1,0.0,0.0,39,0.0,0.0,0.0,0.0,100.0,0.0,0.0,0.0,0.0,0.0,0.0,0.0,0.0,0.0,0.0,0.0,0.0,0.0,0.0
259,265,212,Ozoh,7,3,0.0,0.0,45,0.0,0.0,0.0,0.0,0.0,0.0,0.0,0.0,0.0,0.0,0.0,0.0,0.0,0.0,0.0,0.0,0.0,0.0,0.0
260,266,213,Rak-Sakyi,7,3,0.0,0.0,45,0.0,0.0,0.0,0.0,0.0,0.0,0.0,0.0,0.0,0.0,0.0,0.0,0.0,0.0,0.0,0.0,0.0,0.0,0.0
261,267,214,Schlupp,7,3,0.0,5.0,46,0.0,0.01,0.02,0.26,100.0,0.0,0.0,0.0,0.0,0.0,0.0,0.0,0.0,0.0,0.0,0.0,0.0,0.0,0.0
262,268,215,Ward,7,2,0.0,0.0,43,0.0,0.0,0.0,0.0,0.0,0.0,0.0,0.0,0.0,0.0,0.0,0.0,0.0,0.0,0.0,0.0,0.0,0.0,0.0
263,269,216,Wharton,7,3,0.0,0.0,47,0.0,0.0,0.0,0.0,0.0,0.0,0.0,0.0,0.0,0.0,0.0,0.0,0.0,0.0,0.0,0.0,0.0,0.0,0.0
264,270,445,Turner,7,1,0.0,0.0,39,0.0,0.0,0.0,0.0,100.0,0.0,0.0,0.0,0.0,0.0,0.0,0.0,0.0,0.0,0.0,0.0,0.0,0.0,0.0
266,272,644,Umeh-Chibueze,7,3,0.0,0.0,44,0.0,0.0,0.0,0.0,100.0,0.0,0.0,0.0,0.0,0.0,0.0,0.0,0.0,0.0,0.0,0.0,0.0,0.0,0.0
267,273,645,Devenny,7,3,0.0,12.67,45,0.0,0.01,0.01,0.16,100.0,0.0,0.0,0.0,0.0,0.0,0.0,0.0,0.0,0.0,0.0,0.0,0.0,0.0,0.0
242,248,193,C.Doucouré,7,3,1.0,34.33,49,0.0,0.02,0.01,0.45,0.0,0.0,0.0,0.0,0.0,0.0,0.0,0.0,0.0,0.0,0.0,0.0,0.0,0.0,0.0
241,247,190,Ahamada,7,3,0.0,0.0,45,0.0,0.0,0.0,0.0,0.0,0.0,0.0,0.0,0.0,0.0,0.0,0.0,0.0,0.0,0.0,0.0,0.0,0.0,0.0
240,246,11,Nketiah,7,4,0.0,14.62,59,0.0,0.05,0.13,0.26,100.0,0.0,0.0,0.0,0.0,0.0,0.0,0.0,0.0,0.0,0.0,0.0,0.0,0.0,0.0
227,232,183,Petrović,6,1,0.0,0.0,44,0.0,0.0,0.0,0.0,0.0,0.0,0.0,0.0,0.0,0.0,0.0,0.0,0.0,0.0,0.0,0.0,0.0,0.0,0.0
218,223,174,Lavia,6,3,2.0,50.0,45,0.0,0.0,0.0,1.36,0.0,0.0,0.0,0.0,0.0,0.0,0.0,0.0,0.0,0.0,0.0,0.0,0.0,0.0,0.0
219,224,175,Lukaku,6,4,0.0,0.0,63,0.0,0.0,0.0,0.0,0.0,0.0,0.0,0.0,0.0,0.0,0.0,0.0,0.0,0.0,0.0,0.0,0.0,0.0,0.0
220,225,176,M.Sarr,6,2,0.0,0.0,45,0.0,0.0,0.0,0.0,0.0,0.0,0.0,0.0,0.0,0.0,0.0,0.0,0.0,0.0,0.0,0.0,0.0,0.0,0.0
222,227,178,Marc Guiu,6,4,0.0,9.0,47,0.0,0.0,0.0,0.71,100.0,0.0,0.0,0.0,0.0,0.0,0.0,0.0,0.0,0.0,0.0,0.0,0.0,0.0,0.0
223,228,179,Mudryk,6,3,0.0,0.0,62,0.0,0.0,0.0,0.0,0.0,0.0,0.0,0.0,0.0,0.0,0.0,0.0,0.0,0.0,0.0,0.0,0.0,0.0,0.0
225,230,181,Nkunku,6,3,1.0,24.33,57,0.0,0.08,0.01,1.07,100.0,0.0,0.0,0.0,0.0,0.0,0.0,0.0,0.0,0.0,0.0,0.0,0.0,0.0,0.0
228,233,184,Renato Veiga,6,3,0.0,1.0,44,0.0,0.0,0.0,0.94,100.0,0.0,0.0,0.0,0.0,0.0,0.0,0.0,0.0,0.0,0.0,0.0,0.0,0.0,0.0
239,244,697,Acheampong,6,2,2.0,80.0,40,0.0,0.06,0.0,1.27,100.0,0.0,0.0,0.0,0.0,0.0,0.0,0.0,0.0,0.0,0.0,0.0,0.0,0.0,0.0
231,236,189,W.Fofana,6,2,0.0,0.0,44,0.0,0.0,0.0,0.0,0.0,0.0,0.0,0.0,0.0,0.0,0.0,0.0,0.0,0.0,0.0,0.0,0.0,0.0,0.0
234,239,575,Wiley,6,2,0.0,0.0,40,0.0,0.0,0.0,0.0,0.0,0.0,0.0,0.0,0.0,0.0,0.0,0.0,0.0,0.0,0.0,0.0,0.0,0.0,0.0
235,240,581,Jørgensen,6,1,1.0,90.0,42,0.0,0.0,0.0,1.79,100.0,0.0,0.0,0.0,0.0,0.0,0.0,0.0,0.0,0.0,0.0,0.0,0.0,0.0,0.0
236,241,621,João Félix,6,3,1.0,17.5,59,0.0,0.06,0.14,0.69,100.0,0.0,0.0,0.0,0.0,0.0,0.0,0.0,0.0,0.0,0.0,0.0,0.0,0.0,0.0
237,242,695,Rak-Sakyi,6,3,0.0,0.0,45,0.0,0.0,0.0,0.0,100.0,0.0,0.0,0.0,0.0,0.0,0.0,0.0,0.0,0.0,0.0,0.0,0.0,0.0,0.0
238,243,696,George,6,3,0.0,6.0,45,0.0,0.0,0.0,0.02,100.0,0.0,0.0,0.0,0.0,0.0,0.0,0.0,0.0,0.0,0.0,0.0,0.0,0.0,0.0
268,274,646,Agbinone,7,3,0.0,0.0,45,0.0,0.0,0.0,0.0,0.0,0.0,0.0,0.0,0.0,0.0,0.0,0.0,0.0,0.0,0.0,0.0,0.0,0.0,0.0
269,275,647,Rodney,7,3,0.0,0.0,45,0.0,0.0,0.0,0.0,100.0,0.0,0.0,0.0,0.0,0.0,0.0,0.0,0.0,0.0,0.0,0.0,0.0,0.0,0.0
271,277,666,Kporha,7,2,0.0,10.0,40,0.0,0.0,0.0,0.53,100.0,0.0,0.0,0.0,0.0,0.0,0.0,0.0,0.0,0.0,0.0,0.0,0.0,0.0,0.0
311,319,242,Benda,9,1,0.0,0.0,39,0.0,0.0,0.0,0.0,100.0,0.0,0.0,0.0,0.0,0.0,0.0,0.0,0.0,0.0,0.0,0.0,0.0,0.0,0.0
301,308,627,Dixon,8,2,0.0,0.0,40,0.0,0.0,0.0,0.0,100.0,0.0,0.0,0.0,0.0,0.0,0.0,0.0,0.0,0.0,0.0,0.0,0.0,0.0,0.0
302,309,651,Mangala,8,3,9.0,84.78,50,0.0,0.1,0.01,0.93,50.0,0.0,0.0,0.0,0.0,0.0,0.0,0.0,0.0,0.0,0.0,0.0,0.0,0.0,0.0
303,310,678,Bates,8,3,0.0,0.0,45,0.0,0.0,0.0,0.0,100.0,0.0,0.0,0.0,0.0,0.0,0.0,0.0,0.0,0.0,0.0,0.0,0.0,0.0,0.0
304,311,724,Sherif,8,4,0.0,0.0,45,0.0,0.0,0.0,0.0,100.0,0.0,0.0,0.0,0.0,0.0,0.0,0.0,0.0,0.0,0.0,0.0,0.0,0.0,0.0
305,313,10,Nelson,9,3,0.0,0.0,50,0.0,0.0,0.0,0.0,50.0,0.0,0.0,0.0,0.0,0.0,0.0,0.0,0.0,0.0,0.0,0.0,0.0,0.0,0.0
308,316,239,Adama,9,3,2.0,31.44,47,0.0,0.09,0.04,0.42,100.0,0.0,0.0,0.0,0.0,0.0,0.0,0.0,0.0,0.0,0.0,0.0,0.0,0.0,0.0
312,320,243,Cairney,9,3,2.0,30.86,48,0.0,0.01,0.02,0.28,100.0,0.0,0.0,0.0,0.0,0.0,0.0,0.0,0.0,0.0,0.0,0.0,0.0,0.0,0.0
299,306,614,Metcalfe,8,3,0.0,0.0,45,0.0,0.0,0.0,0.0,0.0,0.0,0.0,0.0,0.0,0.0,0.0,0.0,0.0,0.0,0.0,0.0,0.0,0.0,0.0
315,323,246,Harris,9,3,0.0,0.0,45,0.0,0.0,0.0,0.0,0.0,0.0,0.0,0.0,0.0,0.0,0.0,0.0,0.0,0.0,0.0,0.0,0.0,0.0,0.0
319,327,250,Mbabu,9,2,0.0,0.0,40,0.0,0.0,0.0,0.0,0.0,0.0,0.0,0.0,0.0,0.0,0.0,0.0,0.0,0.0,0.0,0.0,0.0,0.0,0.0
320,328,251,Muniz,9,4,1.0,23.22,55,0.44,0.2,0.0,0.41,100.0,0.0,0.0,0.0,0.0,0.0,0.0,0.0,0.0,0.0,0.0,0.0,0.0,0.0,0.0
322,330,253,Ream,9,2,0.0,0.0,45,0.0,0.0,0.0,0.0,0.0,0.0,0.0,0.0,0.0,0.0,0.0,0.0,0.0,0.0,0.0,0.0,0.0,0.0,0.0
323,331,254,Reed,9,3,0.0,0.0,47,0.0,0.0,0.0,0.0,100.0,0.0,0.0,0.0,0.0,0.0,0.0,0.0,0.0,0.0,0.0,0.0,0.0,0.0,0.0
325,333,256,Stansfield,9,4,0.0,0.0,50,0.0,0.0,0.0,0.0,0.0,0.0,0.0,0.0,0.0,0.0,0.0,0.0,0.0,0.0,0.0,0.0,0.0,0.0,0.0
300,307,624,Begovic,8,1,0.0,0.0,40,0.0,0.0,0.0,0.0,100.0,0.0,0.0,0.0,0.0,0.0,0.0,0.0,0.0,0.0,0.0,0.0,0.0,0.0,0.0
298,305,603,Armstrong,8,3,0.0,23.0,44,0.0,0.09,0.0,0.36,100.0,0.0,0.0,0.0,0.0,0.0,0.0,0.0,0.0,0.0,0.0,0.0,0.0,0.0,0.0
272,278,676,Marsh,7,4,0.0,0.0,45,0.0,0.0,0.0,0.0,100.0,0.0,0.0,0.0,0.0,0.0,0.0,0.0,0.0,0.0,0.0,0.0,0.0,0.0,0.0
283,290,225,Holgate,8,2,0.0,0.0,40,0.0,0.0,0.0,0.0,0.0,0.0,0.0,0.0,0.0,0.0,0.0,0.0,0.0,0.0,0.0,0.0,0.0,0.0,0.0
273,279,730,Esse,7,3,0.0,7.0,50,2.0,0.66,0.0,0.14,100.0,0.0,0.0,0.0,0.0,0.0,0.0,0.0,0.0,0.0,0.0,0.0,0.0,0.0,0.0
274,281,156,Broja,8,4,2.0,31.2,54,0.0,0.01,0.01,0.44,0.0,0.0,0.0,0.0,0.0,0.0,0.0,0.0,0.0,0.0,0.0,0.0,0.0,0.0,0.0
276,283,218,Beto,8,4,0.0,25.0,49,0.0,0.01,0.0,0.12,100.0,0.0,0.0,0.0,0.0,0.0,0.0,0.0,0.0,0.0,0.0,0.0,0.0,0.0,0.0
278,285,220,Calvert-Lewin,8,4,7.0,62.22,54,0.0,0.17,0.06,0.74,50.0,0.0,0.0,0.0,0.0,0.0,0.0,0.0,0.0,0.0,0.0,0.0,0.0,0.0,0.0
279,286,221,Coleman,8,2,1.0,53.0,43,0.0,0.0,0.0,0.78,0.0,0.0,0.0,0.0,0.0,0.0,0.0,0.0,0.0,0.0,0.0,0.0,0.0,0.0,0.0
281,288,223,Garner,8,3,0.0,12.0,49,0.0,0.0,0.0,0.03,100.0,0.0,0.0,0.0,0.0,0.0,0.0,0.0,0.0,0.0,0.0,0.0,0.0,0.0,0.0
284,291,226,Iroegbunam,8,3,0.0,0.0,43,0.0,0.0,0.0,0.0,25.0,0.0,0.0,0.0,0.0,0.0,0.0,0.0,0.0,0.0,0.0,0.0,0.0,0.0,0.0
297,304,582,O'Brien,8,2,2.0,61.33,45,0.0,0.0,0.01,0.43,100.0,0.0,0.0,0.0,0.0,0.0,0.0,0.0,0.0,0.0,0.0,0.0,0.0,0.0,0.0
285,292,227,J.Virginia,8,1,0.0,0.0,39,0.0,0.0,0.0,0.0,100.0,0.0,0.0,0.0,0.0,0.0,0.0,0.0,0.0,0.0,0.0,0.0,0.0,0.0,0.0
286,293,228,Keane,8,2,0.0,2.0,39,0.0,0.0,0.0,0.63,100.0,0.0,0.0,0.0,0.0,0.0,0.0,0.0,0.0,0.0,0.0,0.0,0.0,0.0,0.0
287,294,229,Maupay,8,4,0.0,0.0,49,0.0,0.0,0.0,0.0,0.0,0.0,0.0,0.0,0.0,0.0,0.0,0.0,0.0,0.0,0.0,0.0,0.0,0.0,0.0
288,295,230,McNeil,8,3,1.0,73.0,51,0.0,0.04,1.03,0.39,0.0,0.0,0.0,0.0,0.0,0.0,0.0,0.0,0.0,0.0,0.0,0.0,0.0,0.0,0.0
291,298,234,Patterson,8,2,0.0,21.0,44,0.0,0.01,0.02,0.37,100.0,0.0,0.0,0.0,0.0,0.0,0.0,0.0,0.0,0.0,0.0,0.0,0.0,0.0,0.0
294,301,237,Y. Chermiti,8,4,0.0,0.0,49,0.0,0.0,0.0,0.0,0.0,0.0,0.0,0.0,0.0,0.0,0.0,0.0,0.0,0.0,0.0,0.0,0.0,0.0,0.0
368,377,631,J.Clarke,10,3,1.0,20.5,54,0.0,0.01,0.09,1.16,100.0,0.0,0.0,0.0,0.0,0.0,0.0,0.0,0.0,0.0,0.0,0.0,0.0,0.0,0.0
